time,DeviceName,AccX(g),AccY(g),AccZ(g),AsX(°/s),AsY(°/s),AsZ(°/s),AngleX(°),AngleY(°),AngleZ(°),HX(uT),HY(uT),HZ(uT),Q0(),Q1(),Q2(),Q3(),Temperature(°C),Version(),Battery
2024-9-19 20:9:46:210,WT901BLE67(2D08F28EB913),12.359,-14.011,12.616,-53.833,-101.318,-36.56,148.23,-30.89,24.94,54.383,-90.183,-133.308,0.20911,0.92297,0.12631,0.29721,26.4,10080.1.13,0.0
2024-9-19 20:9:46:210,WT901BLE67(2D08F28EB913),12.357,-14.02,12.613,-55.054,-103.271,-37.17,148.24,-31.01,24.98,54.383,-90.183,-133.308,0.20911,0.92297,0.12631,0.29721,26.4,10080.1.13,0.0
2024-9-19 20:9:46:210,WT901BLE67(2D08F28EB913),12.357,-14.022,12.612,-52.124,-97.595,-35.461,148.14,-30.97,25.22,54.383,-90.183,-133.308,0.20911,0.92297,0.12631,0.29721,26.4,10080.1.13,0.0
2024-9-19 20:9:46:210,WT901BLE67(2D08F28EB913),12.355,-14.022,12.612,-53.345,-99.609,-36.072,148.16,-31.03,25.21,54.383,-90.183,-133.308,0.20911,0.92297,0.12631,0.29721,26.4,10080.1.13,0.0
2024-9-19 20:9:46:270,WT901BLE67(2D08F28EB913),12.351,-14.026,12.611,-54.565,-101.501,-36.743,148.15,-31.08,25.24,54.383,-90.183,-133.308,0.20911,0.92297,0.12631,0.29721,26.4,10080.1.13,0.0
2024-9-19 20:9:46:271,WT901BLE67(2D08F28EB913),12.35,-14.034,12.608,-55.786,-103.394,-37.292,148.17,-31.11,25.18,55.075,-90.317,-133.933,0.20911,0.92297,0.12631,0.29721,26.4,10080.1.13,0.0
2024-9-19 20:9:46:271,WT901BLE67(2D08F28EB913),12.35,-14.036,12.607,-52.979,-98.083,-35.583,148.08,-31.03,25.38,55.075,-90.317,-133.933,0.20911,0.92297,0.12631,0.29721,26.4,10080.1.13,0.0
2024-9-19 20:9:46:271,WT901BLE67(2D08F28EB913),12.35,-14.036,12.607,-54.199,-99.976,-36.133,148.08,-31.09,25.36,55.075,-90.317,-133.933,0.20911,0.92297,0.12631,0.29721,26.4,10080.1.13,0.0
2024-9-19 20:9:46:300,WT901BLE67(2D08F28EB913),12.35,-14.036,12.607,-51.758,-95.276,-34.607,147.99,-31.04,25.58,55.075,-90.317,-133.933,0.20911,0.92297,0.12631,0.29721,26.4,10080.1.13,0.0
2024-9-19 20:9:46:300,WT901BLE67(2D08F28EB913),12.35,-14.036,12.607,-52.979,-97.168,-35.095,147.97,-31.1,25.58,55.075,-90.317,-133.933,0.20911,0.92297,0.12631,0.29721,26.4,10080.1.13,0.0
2024-9-19 20:9:46:300,WT901BLE67(2D08F28EB913),12.35,-14.036,12.607,-50.781,-92.957,-33.752,147.86,-31.05,25.77,55.075,-90.317,-133.933,0.20911,0.92297,0.12631,0.29721,26.4,10080.1.13,0.0
2024-9-19 20:9:46:300,WT901BLE67(2D08F28EB913),12.35,-14.036,12.607,-52.063,-94.849,-34.302,147.84,-31.09,25.75,55.075,-90.317,-133.933,0.20911,0.92297,0.12631,0.29721,26.4,10080.1.13,0.0
2024-9-19 20:9:46:330,WT901BLE67(2D08F28EB913),12.35,-14.036,12.607,-50.11,-91.125,-33.02,147.74,-31.04,25.94,55.075,-90.317,-133.933,0.20911,0.92297,0.12631,0.29721,26.4,10080.1.13,0.0
2024-9-19 20:9:46:331,WT901BLE67(2D08F28EB913),12.349,-14.036,12.607,-51.392,-93.018,-33.508,147.72,-31.08,25.93,55.075,-90.317,-133.933,0.20911,0.92297,0.12631,0.29721,26.4,10080.1.13,0.0
2024-9-19 20:9:46:331,WT901BLE67(2D08F28EB913),12.347,-14.038,12.606,-52.551,-94.788,-34.119,147.7,-31.12,25.97,55.075,-90.317,-133.933,0.20911,0.92297,0.12631,0.29721,26.4,10080.1.13,0.0
2024-9-19 20:9:46:331,WT901BLE67(2D08F28EB913),12.346,-14.041,12.605,-53.772,-96.68,-34.668,147.68,-31.2,25.98,55.075,-90.317,-133.933,0.20911,0.92297,0.12631,0.29721,26.4,10080.1.13,0.0
2024-9-19 20:9:46:390,WT901BLE67(2D08F28EB913),12.341,-14.044,12.604,-54.993,-98.511,-35.278,147.62,-31.3,26.09,55.075,-90.317,-133.933,0.20911,0.92297,0.12631,0.29721,26.4,10080.1.13,0.0
2024-9-19 20:9:46:390,WT901BLE67(2D08F28EB913),12.338,-14.052,12.602,-56.274,-100.403,-35.828,147.58,-31.41,26.16,55.075,-90.317,-133.933,0.20911,0.92297,0.12631,0.29721,26.4,10080.1.13,0.0
2024-9-19 20:9:46:390,WT901BLE67(2D08F28EB913),12.337,-14.057,12.6,-57.556,-102.234,-36.499,147.56,-31.44,26.22,55.075,-90.317,-133.933,0.20911,0.92297,0.12631,0.29721,26.4,10080.1.13,0.0
2024-9-19 20:9:46:390,WT901BLE67(2D08F28EB913),12.333,-14.06,12.599,-58.838,-104.37,-37.231,147.52,-31.52,26.25,55.075,-90.317,-133.933,0.20911,0.92297,0.12631,0.29721,26.4,10080.1.13,0.0
2024-9-19 20:9:46:420,WT901BLE67(2D08F28EB913),12.328,-14.067,12.596,-60.12,-106.201,-37.964,147.52,-31.49,26.24,55.075,-90.317,-133.933,0.20911,0.92297,0.12631,0.29721,26.4,10080.1.13,0.0
2024-9-19 20:9:46:421,WT901BLE67(2D08F28EB913),12.323,-14.076,12.593,-61.401,-108.276,-38.696,147.52,-31.46,26.14,55.075,-90.317,-133.933,0.20911,0.92297,0.12631,0.29721,26.4,10080.1.13,0.0
2024-9-19 20:9:46:421,WT901BLE67(2D08F28EB913),12.318,-14.084,12.59,-62.744,-110.168,-39.368,147.54,-31.42,26.11,55.075,-90.317,-133.933,0.20911,0.92297,0.12631,0.29721,26.4,10080.1.13,0.0
2024-9-19 20:9:46:421,WT901BLE67(2D08F28EB913),12.313,-14.093,12.587,-64.148,-112.183,-40.039,147.57,-31.39,26.01,55.075,-90.317,-133.933,0.20911,0.92297,0.12631,0.29721,26.4,10080.1.13,0.0
2024-9-19 20:9:46:456,WT901BLE67(2D08F28EB913),12.313,-14.102,12.584,-61.646,-107.666,-38.696,147.5,-31.32,26.19,55.075,-90.317,-133.933,0.20911,0.92297,0.12631,0.29721,26.4,10080.1.13,0.0
2024-9-19 20:9:46:456,WT901BLE67(2D08F28EB913),12.313,-14.102,12.584,-62.988,-109.619,-39.307,147.52,-31.36,26.16,55.075,-90.317,-133.933,0.20911,0.92297,0.12631,0.29721,26.4,10080.1.13,0.0
2024-9-19 20:9:46:456,WT901BLE67(2D08F28EB913),12.312,-14.102,12.584,-60.73,-105.469,-38.086,147.45,-31.32,26.36,55.075,-90.317,-133.933,0.21164,0.91797,0.13885,0.30524,26.4,10080.1.13,0.0
2024-9-19 20:9:46:456,WT901BLE67(2D08F28EB913),12.312,-14.104,12.583,-62.073,-107.361,-38.696,147.48,-31.37,26.33,55.075,-90.317,-133.933,0.21164,0.91797,0.13885,0.30524,26.4,10080.1.13,0.0
2024-9-19 20:9:46:510,WT901BLE67(2D08F28EB913),12.312,-14.104,12.583,-59.998,-103.699,-37.537,147.41,-31.34,26.53,55.075,-90.317,-133.933,0.21164,0.91797,0.13885,0.30524,26.4,10080.1.13,0.0
2024-9-19 20:9:46:511,WT901BLE67(2D08F28EB913),12.312,-14.104,12.583,-61.401,-105.774,-38.147,147.41,-31.42,26.53,55.075,-90.317,-133.933,0.21164,0.91797,0.13885,0.30524,26.4,10080.1.13,0.0
2024-9-19 20:9:46:511,WT901BLE67(2D08F28EB913),12.307,-14.104,12.583,-59.448,-102.356,-37.17,147.34,-31.4,26.73,55.075,-90.317,-133.933,0.21164,0.91797,0.13885,0.30524,26.4,10080.1.13,0.0
2024-9-19 20:9:46:511,WT901BLE67(2D08F28EB913),12.302,-14.111,12.58,-60.913,-104.431,-37.781,147.39,-31.42,26.64,55.075,-90.317,-133.933,0.21164,0.91797,0.13885,0.30524,26.4,10080.1.13,0.0
2024-9-19 20:9:46:540,WT901BLE67(2D08F28EB913),12.3,-14.12,12.577,-62.134,-106.323,-38.574,147.41,-31.44,26.64,55.075,-90.317,-133.933,0.21164,0.91797,0.13885,0.30524,26.4,10080.1.13,0.0
2024-9-19 20:9:46:540,WT901BLE67(2D08F28EB913),12.3,-14.124,12.576,-63.477,-108.276,-39.185,147.44,-31.49,26.59,55.075,-90.317,-133.933,0.21164,0.91797,0.13885,0.30524,26.4,10080.1.13,0.0
2024-9-19 20:9:46:541,WT901BLE67(2D08F28EB913),12.3,-14.124,12.576,-61.584,-104.919,-38.147,147.37,-31.45,26.76,55.075,-90.317,-133.933,0.21164,0.91797,0.13885,0.30524,26.4,10080.1.13,0.0
2024-9-19 20:9:46:541,WT901BLE67(2D08F28EB913),12.298,-14.124,12.576,-62.927,-106.812,-38.696,147.38,-31.51,26.73,55.075,-90.317,-133.933,0.21164,0.91797,0.13885,0.30524,26.4,10080.1.13,0.0
2024-9-19 20:9:46:600,WT901BLE67(2D08F28EB913),12.292,-14.127,12.574,-64.148,-108.826,-39.368,147.35,-31.63,26.81,55.075,-90.317,-133.933,0.21164,0.91797,0.13885,0.30524,26.4,10080.1.13,0.0
2024-9-19 20:9:46:600,WT901BLE67(2D08F28EB913),12.288,-14.136,12.571,-65.491,-110.779,-39.978,147.29,-31.83,26.91,55.075,-90.317,-133.933,0.21164,0.91797,0.13885,0.30524,26.4,10080.1.13,0.0
2024-9-19 20:9:46:600,WT901BLE67(2D08F28EB913),12.282,-14.146,12.568,-66.772,-112.671,-40.71,147.23,-32.03,27.07,55.075,-90.317,-133.933,0.21164,0.91797,0.13885,0.30524,26.4,10080.1.13,0.0
2024-9-19 20:9:46:601,WT901BLE67(2D08F28EB913),12.276,-14.154,12.564,-68.115,-114.624,-41.321,147.2,-32.22,27.16,55.075,-90.317,-133.933,0.21164,0.91797,0.13885,0.30524,26.4,10080.1.13,0.0
2024-9-19 20:9:46:630,WT901BLE67(2D08F28EB913),12.271,-14.164,12.562,-69.397,-116.577,-42.114,147.15,-32.42,27.34,55.075,-90.317,-133.933,0.21164,0.91797,0.13885,0.30524,26.4,10080.1.13,0.0
2024-9-19 20:9:46:631,WT901BLE67(2D08F28EB913),12.265,-14.173,12.558,-70.801,-118.591,-42.786,147.13,-32.57,27.41,55.075,-90.317,-133.933,0.21164,0.91797,0.13885,0.30524,26.4,10080.1.13,0.0
2024-9-19 20:9:46:631,WT901BLE67(2D08F28EB913),12.259,-14.183,12.554,-72.144,-120.544,-43.579,147.13,-32.67,27.48,55.075,-90.317,-133.933,0.21164,0.91797,0.13885,0.30524,26.4,10080.1.13,0.0
2024-9-19 20:9:46:631,WT901BLE67(2D08F28EB913),12.253,-14.192,12.551,-73.608,-122.559,-44.25,147.19,-32.74,27.41,55.075,-90.317,-133.933,0.21164,0.91797,0.13885,0.30524,26.4,10080.1.13,0.0
2024-9-19 20:9:46:661,WT901BLE67(2D08F28EB913),12.248,-14.202,12.547,-75.012,-124.512,-44.983,147.27,-32.77,27.37,55.075,-90.317,-133.933,0.21164,0.91797,0.13885,0.30524,26.4,10080.1.13,0.0
2024-9-19 20:9:46:661,WT901BLE67(2D08F28EB913),12.241,-14.212,12.544,-76.477,-126.465,-45.593,147.38,-32.78,27.24,55.075,-90.317,-133.933,0.21164,0.91797,0.13885,0.30524,26.4,10080.1.13,0.0
2024-9-19 20:9:46:661,WT901BLE67(2D08F28EB913),12.235,-14.223,12.54,-77.82,-128.418,-46.265,147.45,-32.82,27.17,55.142,-90.017,-133.792,0.21164,0.91797,0.13885,0.30524,26.4,10080.1.13,0.0
2024-9-19 20:9:46:661,WT901BLE67(2D08F28EB913),12.229,-14.233,12.536,-79.346,-130.371,-46.814,147.49,-32.87,27.06,55.142,-90.017,-133.792,0.21164,0.91797,0.13885,0.30524,26.4,10080.1.13,0.0
2024-9-19 20:9:46:721,WT901BLE67(2D08F28EB913),12.222,-14.244,12.533,-80.688,-132.202,-47.424,147.49,-32.89,27.02,55.142,-90.017,-133.792,0.21164,0.91797,0.13885,0.30524,26.4,10080.1.13,0.0
2024-9-19 20:9:46:721,WT901BLE67(2D08F28EB913),12.215,-14.254,12.529,-82.153,-134.155,-47.913,147.45,-32.93,26.94,55.142,-90.017,-133.792,0.21164,0.91797,0.13885,0.30524,26.4,10080.1.13,0.0
2024-9-19 20:9:46:721,WT901BLE67(2D08F28EB913),12.208,-14.265,12.525,-83.557,-136.108,-48.584,147.39,-33.0,26.96,55.142,-90.017,-133.792,0.21164,0.91797,0.13885,0.30524,26.4,10080.1.13,0.0
2024-9-19 20:9:46:721,WT901BLE67(2D08F28EB913),12.202,-14.276,12.521,-85.144,-138.123,-49.133,147.38,-33.08,26.89,55.142,-90.017,-133.792,0.21164,0.91797,0.13885,0.30524,26.4,10080.1.13,0.0
2024-9-19 20:9:46:759,WT901BLE67(2D08F28EB913),12.195,-14.287,12.517,-86.548,-140.076,-49.866,147.41,-33.11,26.81,55.142,-90.017,-133.792,0.21164,0.91797,0.13885,0.30524,26.4,10080.1.13,0.0
2024-9-19 20:9:46:759,WT901BLE67(2D08F28EB913),12.188,-14.298,12.513,-88.074,-142.029,-50.476,147.47,-33.05,26.58,55.142,-90.017,-133.792,0.21164,0.91797,0.13885,0.30524,26.4,10080.1.13,0.0
2024-9-19 20:9:46:759,WT901BLE67(2D08F28EB913),12.18,-14.31,12.509,-89.478,-144.043,-51.208,147.46,-32.94,26.43,55.142,-90.017,-133.792,0.21164,0.91797,0.13885,0.30524,26.4,10080.1.13,0.0
2024-9-19 20:9:46:760,WT901BLE67(2D08F28EB913),12.173,-14.321,12.505,-91.064,-146.118,-51.88,147.43,-32.86,26.25,55.142,-90.017,-133.792,0.21164,0.91797,0.13885,0.30524,26.4,10080.1.13,0.0
2024-9-19 20:9:46:781,WT901BLE67(2D08F28EB913),12.166,-14.333,12.5,-92.712,-148.376,-52.673,147.41,-32.79,26.1,55.142,-90.017,-133.792,0.21164,0.91797,0.13885,0.30524,26.4,10080.1.13,0.0
2024-9-19 20:9:46:781,WT901BLE67(2D08F28EB913),12.158,-14.345,12.496,-94.482,-150.574,-53.528,147.52,-32.62,25.72,55.142,-90.017,-133.792,0.21164,0.91797,0.13885,0.30524,26.4,10080.1.13,0.0
2024-9-19 20:9:46:781,WT901BLE67(2D08F28EB913),12.15,-14.357,12.492,-96.069,-152.771,-54.443,147.66,-32.25,25.23,55.142,-90.017,-133.792,0.21164,0.91797,0.13885,0.30524,26.4,10080.1.13,0.0
2024-9-19 20:9:46:781,WT901BLE67(2D08F28EB913),12.142,-14.37,12.488,-97.473,-154.846,-55.237,147.68,-31.84,24.69,55.142,-90.017,-133.792,0.21164,0.91797,0.13885,0.30524,26.4,10080.1.13,0.0
2024-9-19 20:9:46:841,WT901BLE67(2D08F28EB913),12.134,-14.382,12.483,-98.755,-156.799,-55.908,147.55,-31.48,24.3,55.142,-90.017,-133.792,0.21164,0.91797,0.13885,0.30524,26.4,10080.1.13,0.0
2024-9-19 20:9:46:841,WT901BLE67(2D08F28EB913),12.126,-14.395,12.479,-100.708,-159.302,-55.42,147.4,-30.9,23.81,55.142,-90.017,-133.792,0.21164,0.91797,0.13885,0.30524,26.4,10080.1.13,0.0
2024-9-19 20:9:46:841,WT901BLE67(2D08F28EB913),12.118,-14.408,12.474,-102.356,-162.415,-55.42,147.33,-29.71,23.33,55.142,-90.017,-133.792,0.21164,0.91797,0.13885,0.30524,26.4,10080.1.13,0.0
2024-9-19 20:9:46:841,WT901BLE67(2D08F28EB913),12.11,-14.42,12.47,-103.577,-164.368,-55.725,147.24,-28.23,23.13,55.142,-90.017,-133.792,0.21164,0.91797,0.13885,0.30524,26.4,10080.1.13,0.0
2024-9-19 20:9:46:871,WT901BLE67(2D08F28EB913),12.101,-14.434,12.465,-104.492,-166.138,-56.641,147.17,-26.8,23.31,55.142,-90.017,-133.792,0.21164,0.91797,0.13885,0.30524,26.4,10080.1.13,0.0
2024-9-19 20:9:46:871,WT901BLE67(2D08F28EB913),12.093,-14.447,12.461,-105.835,-167.908,-57.556,147.26,-25.41,23.64,55.142,-90.017,-133.792,0.21164,0.91797,0.13885,0.30524,26.4,10080.1.13,0.0
2024-9-19 20:9:46:871,WT901BLE67(2D08F28EB913),12.084,-14.46,12.456,-107.056,-169.739,-58.838,147.61,-24.09,24.05,55.142,-90.017,-133.792,0.21164,0.91797,0.13885,0.30524,26.4,10080.1.13,0.0
2024-9-19 20:9:46:871,WT901BLE67(2D08F28EB913),12.075,-14.474,12.451,-108.459,-171.448,-60.303,148.34,-22.89,24.36,55.142,-90.017,-133.792,0.22559,0.93466,0.15149,0.22906,26.4,10080.1.13,0.0
2024-9-19 20:9:46:900,WT901BLE67(2D08F28EB913),12.066,-14.488,12.446,-110.474,-172.668,-62.805,149.46,-21.71,24.58,55.142,-90.017,-133.792,0.22559,0.93466,0.15149,0.22906,26.4,10080.1.13,0.0
2024-9-19 20:9:46:900,WT901BLE67(2D08F28EB913),12.058,-14.502,12.441,-111.572,-174.561,-63.538,150.82,-20.93,24.92,55.142,-90.017,-133.792,0.22559,0.93466,0.15149,0.22906,26.4,10080.1.13,0.0
2024-9-19 20:9:46:900,WT901BLE67(2D08F28EB913),12.048,-14.516,12.436,-112.671,-176.88,-63.965,152.39,-20.47,25.18,55.142,-90.017,-133.792,0.22559,0.93466,0.15149,0.22906,26.4,10080.1.13,0.0
2024-9-19 20:9:46:900,WT901BLE67(2D08F28EB913),12.039,-14.53,12.431,-114.685,-178.406,-64.758,154.09,-20.15,25.19,55.142,-90.017,-133.792,0.22559,0.93466,0.15149,0.22906,26.4,10080.1.13,0.0
2024-9-19 20:9:46:963,WT901BLE67(2D08F28EB913),12.03,-14.544,12.426,-116.333,-180.359,-65.552,155.77,-19.81,25.03,55.142,-90.017,-133.792,0.22559,0.93466,0.15149,0.22906,26.4,10080.1.13,0.0
2024-9-19 20:9:46:963,WT901BLE67(2D08F28EB913),12.021,-14.559,12.42,-117.981,-182.922,-66.528,157.25,-19.33,24.68,55.142,-90.017,-133.792,0.22559,0.93466,0.15149,0.22906,26.4,10080.1.13,0.0
2024-9-19 20:9:46:963,WT901BLE67(2D08F28EB913),12.011,-14.574,12.415,-119.141,-185.303,-68.726,158.23,-19.13,24.57,55.142,-90.017,-133.792,0.22559,0.93466,0.15149,0.22906,26.4,10080.1.13,0.0
2024-9-19 20:9:46:963,WT901BLE67(2D08F28EB913),12.001,-14.589,12.41,-120.361,-187.5,-70.19,158.53,-19.72,24.81,55.142,-90.017,-133.792,0.22559,0.93466,0.15149,0.22906,26.4,10080.1.13,0.0
2024-9-19 20:9:46:990,WT901BLE67(2D08F28EB913),11.991,-14.604,12.404,-122.253,-188.965,-70.557,158.43,-20.36,24.89,55.142,-90.017,-133.792,0.22559,0.93466,0.15149,0.22906,26.4,10080.1.13,0.0
2024-9-19 20:9:46:991,WT901BLE67(2D08F28EB913),11.981,-14.619,12.398,-124.146,-190.43,-70.984,158.11,-20.91,24.64,55.142,-90.017,-133.792,0.22559,0.93466,0.15149,0.22906,26.4,10080.1.13,0.0
2024-9-19 20:9:46:991,WT901BLE67(2D08F28EB913),11.971,-14.634,12.393,-126.16,-191.406,-71.716,157.57,-21.63,24.32,55.142,-90.017,-133.792,0.22559,0.93466,0.15149,0.22906,26.4,10080.1.13,0.0
2024-9-19 20:9:46:991,WT901BLE67(2D08F28EB913),11.96,-14.649,12.387,-128.235,-192.078,-72.083,156.87,-22.53,23.98,55.142,-90.017,-133.792,0.22559,0.93466,0.15149,0.22906,26.4,10080.1.13,0.0
2024-9-19 20:9:47:19,WT901BLE67(2D08F28EB913),11.95,-14.665,12.381,-130.005,-193.054,-72.51,156.04,-23.57,23.74,55.142,-90.017,-133.792,0.22559,0.93466,0.15149,0.22906,26.4,10080.1.13,0.0
2024-9-19 20:9:47:19,WT901BLE67(2D08F28EB913),11.939,-14.681,12.375,-131.653,-194.763,-72.937,155.02,-24.74,23.59,55.142,-90.017,-133.792,0.22559,0.93466,0.15149,0.22906,26.4,10080.1.13,0.0
2024-9-19 20:9:47:19,WT901BLE67(2D08F28EB913),11.929,-14.696,12.369,-132.996,-196.777,-73.425,153.94,-25.74,23.55,55.142,-90.017,-133.792,0.22559,0.93466,0.15149,0.22906,26.4,10080.1.13,0.0
2024-9-19 20:9:47:19,WT901BLE67(2D08F28EB913),11.918,-14.712,12.363,-134.766,-199.28,-74.158,152.95,-26.37,23.51,55.142,-90.017,-133.792,0.22559,0.93466,0.15149,0.22906,26.4,10080.1.13,0.0
2024-9-19 20:9:47:82,WT901BLE67(2D08F28EB913),11.907,-14.728,12.357,-136.658,-202.209,-75.256,152.06,-27.05,23.47,55.142,-90.017,-133.792,0.22559,0.93466,0.15149,0.22906,26.4,10080.1.13,0.0
2024-9-19 20:9:47:82,WT901BLE67(2D08F28EB913),11.896,-14.745,12.352,-138.672,-205.017,-76.355,151.35,-27.87,23.38,61.55,-88.158,-133.592,0.22559,0.93466,0.15149,0.22906,26.4,10080.1.13,0.0
2024-9-19 20:9:47:82,WT901BLE67(2D08F28EB913),11.885,-14.761,12.345,-140.381,-207.825,-77.82,150.79,-28.85,23.4,61.55,-88.158,-133.592,0.22559,0.93466,0.15149,0.22906,26.4,10080.1.13,0.0
2024-9-19 20:9:47:82,WT901BLE67(2D08F28EB913),11.873,-14.778,12.339,-142.334,-210.693,-79.102,150.4,-29.84,23.36,61.55,-88.158,-133.592,0.22559,0.93466,0.15149,0.22906,26.4,10080.1.13,0.0
2024-9-19 20:9:47:140,WT901BLE67(2D08F28EB913),11.861,-14.794,12.333,-144.226,-213.562,-80.322,150.22,-30.64,23.23,61.55,-88.158,-133.592,0.22559,0.93466,0.15149,0.22906,26.4,10080.1.13,0.0
2024-9-19 20:9:47:141,WT901BLE67(2D08F28EB913),11.85,-14.812,12.326,-145.996,-216.248,-81.421,150.22,-31.31,22.97,61.55,-88.158,-133.592,0.22559,0.93466,0.15149,0.22906,26.4,10080.1.13,0.0
2024-9-19 20:9:47:141,WT901BLE67(2D08F28EB913),11.838,-14.829,12.319,-147.461,-218.201,-82.336,150.34,-31.84,22.71,61.55,-88.158,-133.592,0.22559,0.93466,0.15149,0.22906,26.4,10080.1.13,0.0
2024-9-19 20:9:47:141,WT901BLE67(2D08F28EB913),11.826,-14.847,12.313,-149.719,-219.543,-82.764,150.67,-31.96,22.25,61.55,-88.158,-133.592,0.22559,0.93466,0.15149,0.22906,26.4,10080.1.13,0.0
2024-9-19 20:9:47:142,WT901BLE67(2D08F28EB913),11.813,-14.864,12.306,-152.405,-219.788,-83.618,151.12,-31.89,21.71,61.55,-88.158,-133.592,0.22559,0.93466,0.15149,0.22906,26.4,10080.1.13,0.0
2024-9-19 20:9:47:142,WT901BLE67(2D08F28EB913),11.801,-14.882,12.299,-156.494,-218.872,-85.388,151.37,-32.02,21.59,61.55,-88.158,-133.592,0.22559,0.93466,0.15149,0.22906,26.4,10080.1.13,0.0
2024-9-19 20:9:47:142,WT901BLE67(2D08F28EB913),11.788,-14.899,12.292,-158.813,-220.52,-87.036,150.85,-32.62,22.79,61.55,-88.158,-133.592,0.22559,0.93466,0.15149,0.22906,26.4,10080.1.13,0.0
2024-9-19 20:9:47:142,WT901BLE67(2D08F28EB913),11.775,-14.917,12.286,-159.424,-228.455,-85.938,150.44,-31.9,23.72,61.55,-88.158,-133.592,0.22559,0.93466,0.15149,0.22906,26.4,10080.1.13,0.0
2024-9-19 20:9:47:201,WT901BLE67(2D08F28EB913),11.762,-14.936,12.279,-159.851,-234.619,-85.999,149.61,-31.1,25.01,61.55,-88.158,-133.592,0.22559,0.93466,0.15149,0.22906,26.4,10080.1.13,0.0
2024-9-19 20:9:47:201,WT901BLE67(2D08F28EB913),11.75,-14.955,12.272,-162.659,-234.436,-87.524,148.13,-30.49,26.87,61.55,-88.158,-133.592,0.22559,0.93466,0.15149,0.22906,26.4,10080.1.13,0.0
2024-9-19 20:9:47:201,WT901BLE67(2D08F28EB913),11.736,-14.974,12.265,-164.49,-238.342,-87.341,146.35,-29.47,29.16,61.55,-88.158,-133.592,0.22559,0.93466,0.15149,0.22906,26.4,10080.1.13,0.0
2024-9-19 20:9:47:201,WT901BLE67(2D08F28EB913),11.723,-14.993,12.258,-167.297,-240.234,-87.646,144.67,-28.09,31.18,61.55,-88.158,-133.592,0.22559,0.93466,0.15149,0.22906,26.4,10080.1.13,0.0
2024-9-19 20:9:47:231,WT901BLE67(2D08F28EB913),11.709,-15.012,12.251,-170.288,-241.089,-88.257,143.17,-26.49,33.11,61.55,-88.158,-133.592,0.22559,0.93466,0.15149,0.22906,26.4,10080.1.13,0.0
2024-9-19 20:9:47:231,WT901BLE67(2D08F28EB913),11.695,-15.031,12.244,-172.058,-244.751,-88.257,141.95,-24.68,34.79,61.55,-88.158,-133.592,0.22559,0.93466,0.15149,0.22906,26.4,10080.1.13,0.0
2024-9-19 20:9:47:231,WT901BLE67(2D08F28EB913),11.681,-15.051,12.237,-173.828,-246.887,-88.013,141.15,-22.85,35.99,61.55,-88.158,-133.592,0.22559,0.93466,0.15149,0.22906,26.4,10080.1.13,0.0
2024-9-19 20:9:47:231,WT901BLE67(2D08F28EB913),11.667,-15.071,12.229,-175.659,-248.901,-87.28,140.87,-20.88,36.32,61.55,-88.158,-133.592,0.22559,0.93466,0.15149,0.22906,26.4,10080.1.13,0.0
2024-9-19 20:9:47:261,WT901BLE67(2D08F28EB913),11.653,-15.091,12.223,-177.063,-250.732,-86.914,140.88,-18.69,36.11,61.55,-88.158,-133.592,0.22559,0.93466,0.15149,0.22906,26.4,10080.1.13,0.0
2024-9-19 20:9:47:261,WT901BLE67(2D08F28EB913),11.638,-15.111,12.216,-178.406,-253.113,-86.548,140.97,-16.7,35.51,61.55,-88.158,-133.592,0.22559,0.93466,0.15149,0.22906,26.4,10080.1.13,0.0
2024-9-19 20:9:47:261,WT901BLE67(2D08F28EB913),11.624,-15.131,12.209,-180.115,-255.127,-86.365,140.99,-14.74,34.81,61.55,-88.158,-133.592,0.29144,0.90421,0.24133,0.19778,26.4,10080.1.13,0.0
2024-9-19 20:9:47:262,WT901BLE67(2D08F28EB913),11.609,-15.152,12.202,-182.251,-257.141,-86.182,141.0,-12.72,33.98,61.55,-88.158,-133.592,0.29144,0.90421,0.24133,0.19778,26.4,10080.1.13,0.0
2024-9-19 20:9:47:321,WT901BLE67(2D08F28EB913),11.594,-15.172,12.195,-184.265,-258.972,-86.609,140.94,-10.63,33.27,61.55,-88.158,-133.592,0.29144,0.90421,0.24133,0.19778,26.4,10080.1.13,0.0
2024-9-19 20:9:47:321,WT901BLE67(2D08F28EB913),11.58,-15.193,12.188,-186.279,-260.864,-87.036,140.83,-8.38,32.89,61.55,-88.158,-133.592,0.29144,0.90421,0.24133,0.19778,26.4,10080.1.13,0.0
2024-9-19 20:9:47:321,WT901BLE67(2D08F28EB913),11.564,-15.214,12.181,-188.049,-263.062,-87.341,140.75,-6.08,32.93,61.55,-88.158,-133.592,0.29144,0.90421,0.24133,0.19778,26.4,10080.1.13,0.0
2024-9-19 20:9:47:321,WT901BLE67(2D08F28EB913),11.549,-15.235,12.174,-189.819,-264.771,-87.646,140.77,-3.71,33.2,61.55,-88.158,-133.592,0.29144,0.90421,0.24133,0.19778,26.4,10080.1.13,0.0
2024-9-19 20:9:47:359,WT901BLE67(2D08F28EB913),11.534,-15.257,12.167,-191.284,-266.785,-88.013,140.8,-1.36,33.85,61.55,-88.158,-133.592,0.29144,0.90421,0.24133,0.19778,26.4,10080.1.13,0.0
2024-9-19 20:9:47:359,WT901BLE67(2D08F28EB913),11.518,-15.278,12.16,-192.993,-268.738,-88.318,140.69,0.92,34.72,61.55,-88.158,-133.592,0.29144,0.90421,0.24133,0.19778,26.4,10080.1.13,0.0
2024-9-19 20:9:47:359,WT901BLE67(2D08F28EB913),11.502,-15.3,12.153,-194.458,-271.118,-88.379,140.33,3.14,35.64,61.55,-88.158,-133.592,0.29144,0.90421,0.24133,0.19778,26.4,10080.1.13,0.0
2024-9-19 20:9:47:359,WT901BLE67(2D08F28EB913),11.487,-15.321,12.146,-196.35,-272.583,-88.684,139.76,5.25,36.38,61.55,-88.158,-133.592,0.29144,0.90421,0.24133,0.19778,26.4,10080.1.13,0.0
2024-9-19 20:9:47:380,WT901BLE67(2D08F28EB913),11.471,-15.343,12.139,-198.059,-274.475,-88.806,139.14,7.11,37.11,61.55,-88.158,-133.592,0.29144,0.90421,0.24133,0.19778,26.4,10080.1.13,0.0
2024-9-19 20:9:47:381,WT901BLE67(2D08F28EB913),11.455,-15.365,12.131,-199.768,-276.428,-89.05,138.71,8.57,37.86,61.55,-88.158,-133.592,0.29144,0.90421,0.24133,0.19778,26.4,10080.1.13,0.0
2024-9-19 20:9:47:381,WT901BLE67(2D08F28EB913),11.438,-15.388,12.125,-201.111,-278.381,-89.661,138.6,9.56,38.83,61.55,-88.158,-133.592,0.29144,0.90421,0.24133,0.19778,26.4,10080.1.13,0.0
2024-9-19 20:9:47:381,WT901BLE67(2D08F28EB913),11.422,-15.41,12.117,-202.454,-281.006,-89.966,138.74,10.27,39.79,61.55,-88.158,-133.592,0.29144,0.90421,0.24133,0.19778,26.4,10080.1.13,0.0
2024-9-19 20:9:47:441,WT901BLE67(2D08F28EB913),11.406,-15.433,12.11,-203.796,-283.875,-90.576,138.89,11.05,40.54,61.55,-88.158,-133.592,0.29144,0.90421,0.24133,0.19778,26.4,10080.1.13,0.0
2024-9-19 20:9:47:441,WT901BLE67(2D08F28EB913),11.39,-15.456,12.103,-205.505,-286.621,-91.064,138.92,12.02,41.07,61.55,-88.158,-133.592,0.29144,0.90421,0.24133,0.19778,26.4,10080.1.13,0.0
2024-9-19 20:9:47:441,WT901BLE67(2D08F28EB913),11.373,-15.479,12.095,-207.092,-289.246,-91.492,138.8,13.3,41.41,61.55,-88.158,-133.592,0.29144,0.90421,0.24133,0.19778,26.4,10080.1.13,0.0
2024-9-19 20:9:47:441,WT901BLE67(2D08F28EB913),11.356,-15.501,12.088,-208.984,-291.138,-91.492,138.51,14.84,41.62,61.55,-88.158,-133.592,0.29144,0.90421,0.24133,0.19778,26.4,10080.1.13,0.0
2024-9-19 20:9:47:471,WT901BLE67(2D08F28EB913),11.339,-15.525,12.081,-210.876,-292.725,-91.431,137.97,16.57,41.85,61.55,-88.158,-133.592,0.29144,0.90421,0.24133,0.19778,26.4,10080.1.13,0.0
2024-9-19 20:9:47:472,WT901BLE67(2D08F28EB913),11.322,-15.548,12.073,-213.013,-294.373,-91.187,137.2,18.37,42.02,61.55,-88.158,-133.592,0.29144,0.90421,0.24133,0.19778,26.4,10080.1.13,0.0
2024-9-19 20:9:47:472,WT901BLE67(2D08F28EB913),11.305,-15.572,12.066,-214.844,-296.448,-90.576,136.23,20.15,42.07,61.55,-88.158,-133.592,0.29144,0.90421,0.24133,0.19778,26.4,10080.1.13,0.0
2024-9-19 20:9:47:472,WT901BLE67(2D08F28EB913),11.288,-15.596,12.059,-216.064,-299.316,-89.233,135.31,21.77,41.89,88.967,-73.083,-169.042,0.29144,0.90421,0.24133,0.19778,26.4,10080.1.13,0.0
2024-9-19 20:9:47:501,WT901BLE67(2D08F28EB913),11.27,-15.62,12.052,-217.163,-301.636,-88.623,134.58,23.14,41.5,88.967,-73.083,-169.042,0.29144,0.90421,0.24133,0.19778,26.4,10080.1.13,0.0
2024-9-19 20:9:47:501,WT901BLE67(2D08F28EB913),11.252,-15.644,12.045,-218.689,-303.528,-88.318,133.84,24.5,40.9,88.967,-73.083,-169.042,0.29144,0.90421,0.24133,0.19778,26.4,10080.1.13,0.0
2024-9-19 20:9:47:501,WT901BLE67(2D08F28EB913),11.235,-15.668,12.038,-220.032,-305.664,-88.074,132.88,26.03,40.18,88.967,-73.083,-169.042,0.29144,0.90421,0.24133,0.19778,26.4,10080.1.13,0.0
2024-9-19 20:9:47:501,WT901BLE67(2D08F28EB913),11.217,-15.693,12.031,-221.741,-307.556,-87.463,131.63,27.64,39.19,88.967,-73.083,-169.042,0.29144,0.90421,0.24133,0.19778,26.4,10080.1.13,0.0
2024-9-19 20:9:47:560,WT901BLE67(2D08F28EB913),11.199,-15.718,12.024,-223.511,-309.265,-86.792,130.04,29.17,37.94,88.967,-73.083,-169.042,0.29144,0.90421,0.24133,0.19778,26.4,10080.1.13,0.0
2024-9-19 20:9:47:560,WT901BLE67(2D08F28EB913),11.181,-15.743,12.017,-225.159,-310.791,-86.121,128.19,30.56,36.5,88.967,-73.083,-169.042,0.29144,0.90421,0.24133,0.19778,26.4,10080.1.13,0.0
2024-9-19 20:9:47:560,WT901BLE67(2D08F28EB913),11.163,-15.768,12.01,-226.563,-312.134,-85.571,126.19,31.82,35.03,88.967,-73.083,-169.042,0.29144,0.90421,0.24133,0.19778,26.4,10080.1.13,0.0
2024-9-19 20:9:47:561,WT901BLE67(2D08F28EB913),11.145,-15.792,12.003,-227.966,-313.477,-85.022,124.11,32.92,33.52,88.967,-73.083,-169.042,0.29144,0.90421,0.24133,0.19778,26.4,10080.1.13,0.0
2024-9-19 20:9:47:590,WT901BLE67(2D08F28EB913),11.126,-15.818,11.996,-229.37,-315.002,-84.717,121.95,33.87,32.04,88.967,-73.083,-169.042,0.29144,0.90421,0.24133,0.19778,26.4,10080.1.13,0.0
2024-9-19 20:9:47:591,WT901BLE67(2D08F28EB913),11.107,-15.843,11.99,-231.018,-316.772,-84.778,119.77,34.69,30.51,88.967,-73.083,-169.042,0.29144,0.90421,0.24133,0.19778,26.4,10080.1.13,0.0
2024-9-19 20:9:47:591,WT901BLE67(2D08F28EB913),11.089,-15.868,11.983,-232.91,-318.97,-85.815,117.84,35.34,29.19,88.967,-73.083,-169.042,0.29144,0.90421,0.24133,0.19778,26.4,10080.1.13,0.0
2024-9-19 20:9:47:591,WT901BLE67(2D08F28EB913),11.07,-15.894,11.976,-234.924,-321.533,-87.28,116.37,35.78,28.22,88.967,-73.083,-169.042,0.29144,0.90421,0.24133,0.19778,26.4,10080.1.13,0.0
2024-9-19 20:9:47:621,WT901BLE67(2D08F28EB913),11.051,-15.92,11.969,-236.694,-324.28,-88.623,115.14,36.13,27.4,88.967,-73.083,-169.042,0.29144,0.90421,0.24133,0.19778,26.4,10080.1.13,0.0
2024-9-19 20:9:47:621,WT901BLE67(2D08F28EB913),11.032,-15.946,11.961,-238.342,-326.782,-89.539,113.94,36.45,26.57,88.967,-73.083,-169.042,0.29144,0.90421,0.24133,0.19778,26.4,10080.1.13,0.0
2024-9-19 20:9:47:621,WT901BLE67(2D08F28EB913),11.013,-15.972,11.955,-239.441,-328.979,-90.515,112.64,36.76,25.67,88.967,-73.083,-169.042,0.29144,0.90421,0.24133,0.19778,26.4,10080.1.13,0.0
2024-9-19 20:9:47:621,WT901BLE67(2D08F28EB913),10.993,-15.999,11.947,-240.479,-330.933,-91.431,111.33,37.1,24.8,88.967,-73.083,-169.042,0.29144,0.90421,0.24133,0.19778,26.4,10080.1.13,0.0
2024-9-19 20:9:47:681,WT901BLE67(2D08F28EB913),10.974,15.975,11.94,-241.577,-332.764,-92.407,109.98,37.47,23.96,88.967,-73.083,-169.042,0.29144,0.90421,0.24133,0.19778,26.4,10080.1.13,0.0
2024-9-19 20:9:47:681,WT901BLE67(2D08F28EB913),10.955,15.948,11.932,-243.164,-334.656,-93.201,108.53,37.79,23.07,88.967,-73.083,-169.042,0.29144,0.90421,0.24133,0.19778,26.4,10080.1.13,0.0
2024-9-19 20:9:47:681,WT901BLE67(2D08F28EB913),10.935,15.921,11.925,-245.483,-336.487,-93.994,106.88,38.01,21.96,88.967,-73.083,-169.042,0.29144,0.90421,0.24133,0.19778,26.4,10080.1.13,0.0
2024-9-19 20:9:47:681,WT901BLE67(2D08F28EB913),10.915,15.895,11.917,-246.521,-338.806,-95.703,105.18,38.19,20.86,88.967,-73.083,-169.042,0.29144,0.90421,0.24133,0.19778,26.4,10080.1.13,0.0
2024-9-19 20:9:47:711,WT901BLE67(2D08F28EB913),10.895,15.867,11.91,-248.047,-341.187,-97.534,103.69,38.35,20.08,88.967,-73.083,-169.042,0.62259,0.68872,0.33575,-0.15878,26.4,10080.1.13,0.0
2024-9-19 20:9:47:711,WT901BLE67(2D08F28EB913),10.875,15.84,11.901,-249.573,-343.628,-99.609,102.3,38.58,19.3,88.967,-73.083,-169.042,0.62259,0.68872,0.33575,-0.15878,26.4,10080.1.13,0.0
2024-9-19 20:9:47:711,WT901BLE67(2D08F28EB913),10.855,15.812,11.894,-250.854,-346.313,-101.929,100.96,38.93,18.54,88.967,-73.083,-169.042,0.62259,0.68872,0.33575,-0.15878,26.4,10080.1.13,0.0
2024-9-19 20:9:47:712,WT901BLE67(2D08F28EB913),10.835,15.784,11.885,-252.197,-348.999,-104.492,99.77,39.33,17.89,88.967,-73.083,-169.042,0.62259,0.68872,0.33575,-0.15878,26.4,10080.1.13,0.0
2024-9-19 20:9:47:741,WT901BLE67(2D08F28EB913),10.814,15.756,11.877,-253.723,-351.746,-107.178,98.76,39.66,17.45,88.967,-73.083,-169.042,0.62259,0.68872,0.33575,-0.15878,26.4,10080.1.13,0.0
2024-9-19 20:9:47:741,WT901BLE67(2D08F28EB913),10.794,15.728,11.868,-255.371,-354.614,-109.68,97.82,39.91,17.18,88.967,-73.083,-169.042,0.62259,0.68872,0.33575,-0.15878,26.4,10080.1.13,0.0
2024-9-19 20:9:47:741,WT901BLE67(2D08F28EB913),10.773,15.7,11.859,-257.08,-357.544,-111.938,96.87,40.1,17.02,88.967,-73.083,-169.042,0.62259,0.68872,0.33575,-0.15878,26.4,10080.1.13,0.0
2024-9-19 20:9:47:741,WT901BLE67(2D08F28EB913),10.752,15.671,11.85,-258.911,-360.474,-114.319,95.94,40.26,16.86,88.967,-73.083,-169.042,0.62259,0.68872,0.33575,-0.15878,26.4,10080.1.13,0.0
2024-9-19 20:9:47:801,WT901BLE67(2D08F28EB913),10.731,15.642,11.841,-260.681,-363.403,-116.577,95.05,40.45,16.72,88.967,-73.083,-169.042,0.62259,0.68872,0.33575,-0.15878,26.4,10080.1.13,0.0
2024-9-19 20:9:47:801,WT901BLE67(2D08F28EB913),10.71,15.613,11.832,-262.573,-366.455,-118.774,94.19,40.64,16.51,88.967,-73.083,-169.042,0.62259,0.68872,0.33575,-0.15878,26.4,10080.1.13,0.0
2024-9-19 20:9:47:801,WT901BLE67(2D08F28EB913),10.689,15.583,11.822,-264.465,-369.507,-121.155,93.31,40.84,16.24,88.967,-73.083,-169.042,0.62259,0.68872,0.33575,-0.15878,26.4,10080.1.13,0.0
2024-9-19 20:9:47:801,WT901BLE67(2D08F28EB913),10.668,15.554,11.812,-266.541,-372.681,-123.291,92.46,41.06,15.89,88.967,-73.083,-169.042,0.62259,0.68872,0.33575,-0.15878,26.4,10080.1.13,0.0
2024-9-19 20:9:47:830,WT901BLE67(2D08F28EB913),10.646,15.524,11.802,-268.127,-375.488,-125.549,91.49,41.35,15.38,88.967,-73.083,-169.042,0.62259,0.68872,0.33575,-0.15878,26.4,10080.1.13,0.0
2024-9-19 20:9:47:831,WT901BLE67(2D08F28EB913),10.625,15.494,11.792,-270.325,-377.869,-126.953,90.17,41.71,14.39,88.967,-73.083,-169.042,0.62259,0.68872,0.33575,-0.15878,26.4,10080.1.13,0.0
2024-9-19 20:9:47:831,WT901BLE67(2D08F28EB913),10.603,15.463,11.782,-270.203,-380.066,-129.089,88.55,42.18,13.12,88.967,-73.083,-169.042,0.62259,0.68872,0.33575,-0.15878,26.4,10080.1.13,0.0
2024-9-19 20:9:47:831,WT901BLE67(2D08F28EB913),10.581,15.433,11.771,-270.996,-382.446,-130.981,87.2,42.64,12.33,88.967,-73.083,-169.042,0.62259,0.68872,0.33575,-0.15878,26.4,10080.1.13,0.0
2024-9-19 20:9:47:861,WT901BLE67(2D08F28EB913),10.56,15.402,11.761,-272.583,-384.949,-132.507,85.96,42.9,11.76,88.967,-73.083,-169.042,0.62259,0.68872,0.33575,-0.15878,26.4,10080.1.13,0.0
2024-9-19 20:9:47:861,WT901BLE67(2D08F28EB913),10.537,15.371,11.75,-275.024,-388.306,-133.606,84.93,42.92,11.5,88.967,-73.083,-169.042,0.62259,0.68872,0.33575,-0.15878,26.4,10080.1.13,0.0
2024-9-19 20:9:47:861,WT901BLE67(2D08F28EB913),10.515,15.34,11.739,-277.954,-391.846,-134.949,84.2,42.76,11.51,81.558,-54.525,-223.258,0.62259,0.68872,0.33575,-0.15878,26.4,10080.1.13,0.0
2024-9-19 20:9:47:861,WT901BLE67(2D08F28EB913),10.492,15.309,11.729,-280.823,-395.691,-135.681,83.82,42.67,11.53,81.558,-54.525,-223.258,0.62259,0.68872,0.33575,-0.15878,26.4,10080.1.13,0.0
2024-9-19 20:9:47:920,WT901BLE67(2D08F28EB913),10.47,15.276,11.718,-282.471,-399.17,-136.353,83.22,42.64,11.11,81.558,-54.525,-223.258,0.62259,0.68872,0.33575,-0.15878,26.4,10080.1.13,0.0
2024-9-19 20:9:47:921,WT901BLE67(2D08F28EB913),10.447,15.245,11.707,-283.508,-401.855,-136.902,82.22,42.64,9.9,81.558,-54.525,-223.258,0.62259,0.68872,0.33575,-0.15878,26.4,10080.1.13,0.0
2024-9-19 20:9:47:921,WT901BLE67(2D08F28EB913),10.424,15.212,11.696,-282.532,-404.419,-138.0,81.21,42.97,8.81,81.558,-54.525,-223.258,0.62259,0.68872,0.33575,-0.15878,26.4,10080.1.13,0.0
2024-9-19 20:9:47:921,WT901BLE67(2D08F28EB913),10.402,15.18,11.685,-282.104,-406.494,-138.733,79.95,43.33,7.5,81.558,-54.525,-223.258,0.62259,0.68872,0.33575,-0.15878,26.4,10080.1.13,0.0
2024-9-19 20:9:47:957,WT901BLE67(2D08F28EB913),10.379,15.147,11.674,-281.738,-408.508,-139.832,78.29,43.58,5.67,81.558,-54.525,-223.258,0.62259,0.68872,0.33575,-0.15878,26.4,10080.1.13,0.0
2024-9-19 20:9:47:957,WT901BLE67(2D08F28EB913),10.357,15.114,11.663,-281.982,-411.377,-141.602,76.76,43.72,4.01,81.558,-54.525,-223.258,0.62259,0.68872,0.33575,-0.15878,26.4,10080.1.13,0.0
2024-9-19 20:9:47:957,WT901BLE67(2D08F28EB913),10.334,15.082,11.651,-282.898,-415.1,-143.677,75.5,43.75,2.6,81.558,-54.525,-223.258,0.62259,0.68872,0.33575,-0.15878,26.4,10080.1.13,0.0
2024-9-19 20:9:47:957,WT901BLE67(2D08F28EB913),10.311,15.048,11.64,-284.302,-419.556,-144.714,74.43,43.87,1.34,81.558,-54.525,-223.258,0.62259,0.68872,0.33575,-0.15878,26.4,10080.1.13,0.0
2024-9-19 20:9:48:10,WT901BLE67(2D08F28EB913),10.288,15.014,11.628,-286.316,-423.706,-146.118,73.26,43.99,0.14,81.558,-54.525,-223.258,0.62259,0.68872,0.33575,-0.15878,26.4,10080.1.13,0.0
2024-9-19 20:9:48:10,WT901BLE67(2D08F28EB913),10.265,14.98,11.616,-289.246,-426.636,-147.4,72.16,43.95,-0.94,81.558,-54.525,-223.258,0.62259,0.68872,0.33575,-0.15878,26.4,10080.1.13,0.0
2024-9-19 20:9:48:10,WT901BLE67(2D08F28EB913),10.241,14.946,11.604,-293.03,-429.565,-148.438,71.25,43.68,-1.82,81.558,-54.525,-223.258,0.62259,0.68872,0.33575,-0.15878,26.4,10080.1.13,0.0
2024-9-19 20:9:48:11,WT901BLE67(2D08F28EB913),10.218,14.912,11.592,-295.593,-432.678,-148.865,70.22,43.4,-2.96,81.558,-54.525,-223.258,0.62259,0.68872,0.33575,-0.15878,26.4,10080.1.13,0.0
2024-9-19 20:9:48:41,WT901BLE67(2D08F28EB913),10.194,14.877,11.581,-298.035,-435.791,-149.78,68.97,43.2,-4.35,81.558,-54.525,-223.258,0.62259,0.68872,0.33575,-0.15878,26.4,10080.1.13,0.0
2024-9-19 20:9:48:41,WT901BLE67(2D08F28EB913),10.17,14.842,11.568,-299.927,-437.927,-150.146,67.6,42.97,-5.83,81.558,-54.525,-223.258,0.62259,0.68872,0.33575,-0.15878,26.4,10080.1.13,0.0
2024-9-19 20:9:48:41,WT901BLE67(2D08F28EB913),10.146,14.807,11.556,-301.147,-440.43,-150.574,66.34,42.89,-7.05,81.558,-54.525,-223.258,0.62259,0.68872,0.33575,-0.15878,26.4,10080.1.13,0.0
2024-9-19 20:9:48:41,WT901BLE67(2D08F28EB913),10.121,14.771,11.544,-302.551,-443.237,-151.855,65.26,42.97,-7.88,81.558,-54.525,-223.258,0.62259,0.68872,0.33575,-0.15878,26.4,10080.1.13,0.0
2024-9-19 20:9:48:71,WT901BLE67(2D08F28EB913),10.097,14.736,11.532,-304.199,-446.533,-154.175,64.31,43.06,-8.37,81.558,-54.525,-223.258,0.62259,0.68872,0.33575,-0.15878,26.4,10080.1.13,0.0
2024-9-19 20:9:48:71,WT901BLE67(2D08F28EB913),10.072,14.7,11.52,-306.274,-449.829,-157.837,63.69,43.06,-8.49,81.558,-54.525,-223.258,0.62259,0.68872,0.33575,-0.15878,26.4,10080.1.13,0.0
2024-9-19 20:9:48:71,WT901BLE67(2D08F28EB913),10.047,14.664,11.507,-308.228,-453.308,-161.804,63.34,43.09,-8.27,81.558,-54.525,-223.258,0.77536,0.50269,0.28802,-0.25107,26.4,10080.1.13,0.0
2024-9-19 20:9:48:71,WT901BLE67(2D08F28EB913),10.022,14.627,11.494,-311.401,-456.36,-165.466,63.28,43.23,-7.72,81.558,-54.525,-223.258,0.77536,0.50269,0.28802,-0.25107,26.4,10080.1.13,0.0
2024-9-19 20:9:48:130,WT901BLE67(2D08F28EB913),9.997,14.591,11.48,-315.491,-458.862,-168.945,63.5,43.39,-6.98,81.558,-54.525,-223.258,0.77536,0.50269,0.28802,-0.25107,26.4,10080.1.13,0.0
2024-9-19 20:9:48:130,WT901BLE67(2D08F28EB913),9.971,14.554,11.467,-319.946,-462.341,-171.997,63.96,43.57,-6.14,81.558,-54.525,-223.258,0.77536,0.50269,0.28802,-0.25107,26.4,10080.1.13,0.0
2024-9-19 20:9:48:130,WT901BLE67(2D08F28EB913),9.945,14.517,11.453,-323.486,-467.102,-174.988,64.39,43.69,-5.35,81.558,-54.525,-223.258,0.77536,0.50269,0.28802,-0.25107,26.4,10080.1.13,0.0
2024-9-19 20:9:48:130,WT901BLE67(2D08F28EB913),9.919,14.479,11.438,-326.294,-471.741,-177.307,64.86,43.79,-4.26,81.558,-54.525,-223.258,0.77536,0.50269,0.28802,-0.25107,26.4,10080.1.13,0.0
2024-9-19 20:9:48:160,WT901BLE67(2D08F28EB913),9.893,14.441,11.424,-329.102,-475.037,-179.626,65.58,44.05,-2.77,81.558,-54.525,-223.258,0.77536,0.50269,0.28802,-0.25107,26.4,10080.1.13,0.0
2024-9-19 20:9:48:160,WT901BLE67(2D08F28EB913),9.866,14.403,11.41,-332.214,-479.37,-182.495,66.67,44.56,-1.54,81.558,-54.525,-223.258,0.77536,0.50269,0.28802,-0.25107,26.4,10080.1.13,0.0
2024-9-19 20:9:48:160,WT901BLE67(2D08F28EB913),9.839,14.365,11.395,-333.496,-484.314,-182.007,67.37,44.99,-0.79,81.558,-54.525,-223.258,0.77536,0.50269,0.28802,-0.25107,26.4,10080.1.13,0.0
2024-9-19 20:9:48:160,WT901BLE67(2D08F28EB913),9.813,14.326,11.381,-334.473,-488.953,-182.129,68.21,45.35,-0.08,81.558,-54.525,-223.258,0.77536,0.50269,0.28802,-0.25107,26.4,10080.1.13,0.0
2024-9-19 20:9:48:190,WT901BLE67(2D08F28EB913),9.786,14.287,11.366,-334.167,-492.432,-180.603,69.43,45.49,1.18,81.558,-54.525,-223.258,0.77536,0.50269,0.28802,-0.25107,26.4,10080.1.13,0.0
2024-9-19 20:9:48:191,WT901BLE67(2D08F28EB913),9.759,14.247,11.352,-334.106,-493.408,-177.734,70.55,45.58,2.52,81.558,-54.525,-223.258,0.77536,0.50269,0.28802,-0.25107,26.4,10080.1.13,0.0
2024-9-19 20:9:48:191,WT901BLE67(2D08F28EB913),9.732,14.208,11.338,-333.435,-492.737,-175.171,71.54,45.66,3.9,81.558,-54.525,-223.258,0.77536,0.50269,0.28802,-0.25107,26.4,10080.1.13,0.0
2024-9-19 20:9:48:191,WT901BLE67(2D08F28EB913),9.706,14.168,11.324,-333.008,-492.004,-173.706,72.52,45.75,5.34,81.558,-54.525,-223.258,0.77536,0.50269,0.28802,-0.25107,26.4,10080.1.13,0.0
2024-9-19 20:9:48:253,WT901BLE67(2D08F28EB913),9.679,14.129,11.31,-332.764,-492.432,-172.363,73.52,45.75,6.84,81.558,-54.525,-223.258,0.77536,0.50269,0.28802,-0.25107,26.4,10080.1.13,0.0
2024-9-19 20:9:48:253,WT901BLE67(2D08F28EB913),9.652,14.089,11.296,-333.374,-493.958,-170.959,74.26,45.66,8.05,81.558,-54.525,-223.258,0.77536,0.50269,0.28802,-0.25107,26.4,10080.1.13,0.0
2024-9-19 20:9:48:253,WT901BLE67(2D08F28EB913),9.625,14.05,11.283,-334.351,-496.277,-170.349,74.68,45.53,8.92,81.558,-54.525,-223.258,0.77536,0.50269,0.28802,-0.25107,26.4,10080.1.13,0.0
2024-9-19 20:9:48:253,WT901BLE67(2D08F28EB913),9.599,14.01,11.269,-335.693,-499.512,-170.837,75.0,45.47,9.6,81.558,-54.525,-223.258,0.77536,0.50269,0.28802,-0.25107,26.4,10080.1.13,0.0
2024-9-19 20:9:48:281,WT901BLE67(2D08F28EB913),9.572,13.97,11.255,-337.646,-503.54,-172.791,75.27,45.52,10.21,81.558,-54.525,-223.258,0.77536,0.50269,0.28802,-0.25107,26.4,10080.1.13,0.0
2024-9-19 20:9:48:281,WT901BLE67(2D08F28EB913),9.544,13.929,11.241,-339.905,-509.033,-175.842,75.58,45.59,10.85,81.558,-54.525,-223.258,0.77536,0.50269,0.28802,-0.25107,26.4,10080.1.13,0.0
2024-9-19 20:9:48:282,WT901BLE67(2D08F28EB913),9.517,13.888,11.227,-342.651,-515.198,-179.749,75.99,45.71,11.76,81.558,-54.525,-223.258,0.77536,0.50269,0.28802,-0.25107,26.4,10080.1.13,0.0
2024-9-19 20:9:48:282,WT901BLE67(2D08F28EB913),9.489,13.847,11.212,-346.436,-520.996,-183.167,76.34,45.88,12.51,77.875,-46.95,-228.825,0.77536,0.50269,0.28802,-0.25107,26.4,10080.1.13,0.0
2024-9-19 20:9:48:310,WT901BLE67(2D08F28EB913),9.461,13.805,11.198,-349.976,-525.94,-186.707,76.49,46.05,13.05,77.875,-46.95,-228.825,0.77536,0.50269,0.28802,-0.25107,26.4,10080.1.13,0.0
2024-9-19 20:9:48:311,WT901BLE67(2D08F28EB913),9.432,13.763,11.183,-354.431,-529.724,-189.514,76.64,46.22,13.46,77.875,-46.95,-228.825,0.77536,0.50269,0.28802,-0.25107,26.4,10080.1.13,0.0
2024-9-19 20:9:48:311,WT901BLE67(2D08F28EB913),9.403,13.72,11.167,-358.459,-533.325,-192.078,76.9,46.36,13.89,77.875,-46.95,-228.825,0.77536,0.50269,0.28802,-0.25107,26.4,10080.1.13,0.0
2024-9-19 20:9:48:311,WT901BLE67(2D08F28EB913),9.375,13.677,11.152,-361.877,-537.598,-193.542,77.32,46.47,14.18,77.875,-46.95,-228.825,0.77536,0.50269,0.28802,-0.25107,26.4,10080.1.13,0.0
2024-9-19 20:9:48:370,WT901BLE67(2D08F28EB913),9.345,13.634,11.136,-363.098,-541.504,-194.153,77.81,46.47,14.51,77.875,-46.95,-228.825,0.77536,0.50269,0.28802,-0.25107,26.4,10080.1.13,0.0
2024-9-19 20:9:48:370,WT901BLE67(2D08F28EB913),9.316,13.591,11.121,-363.281,-545.593,-192.871,78.49,46.15,15.05,77.875,-46.95,-228.825,0.77536,0.50269,0.28802,-0.25107,26.4,10080.1.13,0.0
2024-9-19 20:9:48:370,WT901BLE67(2D08F28EB913),9.288,13.547,11.105,-361.816,-548.401,-190.613,78.83,45.72,15.4,77.875,-46.95,-228.825,0.77536,0.50269,0.28802,-0.25107,26.4,10080.1.13,0.0
2024-9-19 20:9:48:370,WT901BLE67(2D08F28EB913),9.259,13.503,11.09,-359.436,-548.584,-187.927,78.95,45.32,15.64,77.875,-46.95,-228.825,0.77536,0.50269,0.28802,-0.25107,26.4,10080.1.13,0.0
2024-9-19 20:9:48:399,WT901BLE67(2D08F28EB913),9.23,13.459,11.075,-356.384,-547.058,-186.829,79.02,44.95,15.96,77.875,-46.95,-228.825,0.77536,0.50269,0.28802,-0.25107,26.4,10080.1.13,0.0
2024-9-19 20:9:48:399,WT901BLE67(2D08F28EB913),9.202,13.416,11.061,-354.614,-545.471,-185.486,79.17,44.49,16.5,77.875,-46.95,-228.825,0.77536,0.50269,0.28802,-0.25107,26.4,10080.1.13,0.0
2024-9-19 20:9:48:399,WT901BLE67(2D08F28EB913),9.174,13.372,11.045,-353.516,-544.373,-184.509,79.23,44.02,17.06,77.875,-46.95,-228.825,0.77536,0.50269,0.28802,-0.25107,26.4,10080.1.13,0.0
2024-9-19 20:9:48:399,WT901BLE67(2D08F28EB913),9.146,13.329,11.031,-354.004,-544.25,-184.265,79.16,43.6,17.5,77.875,-46.95,-228.825,0.77536,0.50269,0.28802,-0.25107,26.4,10080.1.13,0.0
2024-9-19 20:9:48:430,WT901BLE67(2D08F28EB913),9.117,13.285,11.016,-354.858,-545.166,-185.242,78.97,43.32,17.81,77.875,-46.95,-228.825,0.77536,0.50269,0.28802,-0.25107,26.4,10080.1.13,0.0
2024-9-19 20:9:48:431,WT901BLE67(2D08F28EB913),9.088,13.241,11.001,-357.788,-548.035,-187.317,78.84,43.2,18.02,77.875,-46.95,-228.825,0.77536,0.50269,0.28802,-0.25107,26.4,10080.1.13,0.0
2024-9-19 20:9:48:431,WT901BLE67(2D08F28EB913),9.059,13.197,10.986,-361.389,-552.734,-190.552,78.65,43.1,18.07,77.875,-46.95,-228.825,0.77536,0.50269,0.28802,-0.25107,26.4,10080.1.13,0.0
2024-9-19 20:9:48:431,WT901BLE67(2D08F28EB913),9.03,13.153,10.971,-366.76,-559.265,-194.397,78.54,42.97,18.08,77.875,-46.95,-228.825,0.77536,0.50269,0.28802,-0.25107,26.4,10080.1.13,0.0
2024-9-19 20:9:48:490,WT901BLE67(2D08F28EB913),9.0,13.107,10.955,-372.07,-566.101,-198.364,78.35,42.82,17.84,77.875,-46.95,-228.825,0.77536,0.50269,0.28802,-0.25107,26.4,10080.1.13,0.0
2024-9-19 20:9:48:490,WT901BLE67(2D08F28EB913),8.969,13.062,10.939,-377.808,-572.205,-201.904,78.16,42.66,17.33,77.875,-46.95,-228.825,0.75034,0.53104,0.37354,-0.12384,26.4,10080.1.13,0.0
2024-9-19 20:9:48:490,WT901BLE67(2D08F28EB913),8.938,13.016,10.922,-382.69,-578.247,-206.055,78.02,42.53,16.64,77.875,-46.95,-228.825,0.75034,0.53104,0.37354,-0.12384,26.4,10080.1.13,0.0
2024-9-19 20:9:48:491,WT901BLE67(2D08F28EB913),8.907,12.97,10.906,-387.146,-584.717,-209.29,77.95,42.42,16.02,77.875,-46.95,-228.825,0.75034,0.53104,0.37354,-0.12384,26.4,10080.1.13,0.0
2024-9-19 20:9:48:520,WT901BLE67(2D08F28EB913),8.876,12.922,10.889,-390.747,-591.003,-211.792,78.01,42.48,15.94,77.875,-46.95,-228.825,0.75034,0.53104,0.37354,-0.12384,26.4,10080.1.13,0.0
2024-9-19 20:9:48:521,WT901BLE67(2D08F28EB913),8.844,12.875,10.872,-393.86,-595.825,-213.135,78.04,42.6,16.09,77.875,-46.95,-228.825,0.75034,0.53104,0.37354,-0.12384,26.4,10080.1.13,0.0
2024-9-19 20:9:48:521,WT901BLE67(2D08F28EB913),8.813,12.827,10.855,-393.677,-599.792,-215.942,78.1,42.71,16.07,77.875,-46.95,-228.825,0.75034,0.53104,0.37354,-0.12384,26.4,10080.1.13,0.0
2024-9-19 20:9:48:521,WT901BLE67(2D08F28EB913),8.782,12.779,10.837,-392.883,-605.103,-216.675,78.48,42.83,16.2,77.875,-46.95,-228.825,0.75034,0.53104,0.37354,-0.12384,26.4,10080.1.13,0.0
2024-9-19 20:9:48:553,WT901BLE67(2D08F28EB913),8.75,12.73,10.82,-392.029,-609.436,-214.661,78.71,42.68,16.34,77.875,-46.95,-228.825,0.75034,0.53104,0.37354,-0.12384,26.4,10080.1.13,0.0
2024-9-19 20:9:48:553,WT901BLE67(2D08F28EB913),8.719,12.682,10.803,-391.235,-611.694,-211.121,78.73,42.39,16.35,77.875,-46.95,-228.825,0.75034,0.53104,0.37354,-0.12384,26.4,10080.1.13,0.0
2024-9-19 20:9:48:553,WT901BLE67(2D08F28EB913),8.688,12.632,10.787,-389.771,-611.389,-206.848,78.61,42.01,16.31,77.875,-46.95,-228.825,0.75034,0.53104,0.37354,-0.12384,26.4,10080.1.13,0.0
2024-9-19 20:9:48:553,WT901BLE67(2D08F28EB913),8.657,12.583,10.77,-388.611,-609.07,-203.369,78.41,41.67,16.27,77.875,-46.95,-228.825,0.75034,0.53104,0.37354,-0.12384,26.4,10080.1.13,0.0
2024-9-19 20:9:48:610,WT901BLE67(2D08F28EB913),8.626,12.535,10.754,-386.963,-606.689,-200.439,78.21,41.28,16.39,77.875,-46.95,-228.825,0.75034,0.53104,0.37354,-0.12384,26.4,10080.1.13,0.0
2024-9-19 20:9:48:610,WT901BLE67(2D08F28EB913),8.595,12.487,10.738,-385.986,-604.797,-198.303,77.86,40.96,16.46,77.875,-46.95,-228.825,0.75034,0.53104,0.37354,-0.12384,26.4,10080.1.13,0.0
2024-9-19 20:9:48:610,WT901BLE67(2D08F28EB913),8.564,12.438,10.722,-385.01,-604.126,-197.815,77.4,40.89,16.56,77.875,-46.95,-228.825,0.75034,0.53104,0.37354,-0.12384,26.4,10080.1.13,0.0
2024-9-19 20:9:48:610,WT901BLE67(2D08F28EB913),8.534,12.39,10.707,-385.132,-604.736,-198.425,76.79,40.97,16.36,77.875,-46.95,-228.825,0.75034,0.53104,0.37354,-0.12384,26.4,10080.1.13,0.0
2024-9-19 20:9:48:640,WT901BLE67(2D08F28EB913),8.502,12.341,10.69,-386.414,-607.3,-200.562,76.24,41.12,16.25,77.875,-46.95,-228.825,0.75034,0.53104,0.37354,-0.12384,26.4,10080.1.13,0.0
2024-9-19 20:9:48:640,WT901BLE67(2D08F28EB913),8.471,12.292,10.674,-390.259,-612.122,-204.041,75.91,41.39,16.24,77.875,-46.95,-228.825,0.75034,0.53104,0.37354,-0.12384,26.4,10080.1.13,0.0
2024-9-19 20:9:48:641,WT901BLE67(2D08F28EB913),8.439,12.244,10.658,-394.653,-619.202,-208.923,75.67,41.62,16.14,77.875,-46.95,-228.825,0.75034,0.53104,0.37354,-0.12384,26.4,10080.1.13,0.0
2024-9-19 20:9:48:641,WT901BLE67(2D08F28EB913),8.407,12.194,10.641,-400.085,-627.197,-213.623,75.74,41.77,16.28,77.875,-46.95,-228.825,0.75034,0.53104,0.37354,-0.12384,26.4,10080.1.13,0.0
2024-9-19 20:9:48:671,WT901BLE67(2D08F28EB913),8.375,12.143,10.624,-404.663,-634.521,-217.651,75.99,41.93,16.45,77.875,-46.95,-228.825,0.75034,0.53104,0.37354,-0.12384,26.4,10080.1.13,0.0
2024-9-19 20:9:48:671,WT901BLE67(2D08F28EB913),8.342,12.092,10.606,-409.119,-641.357,-222.595,76.29,42.04,16.52,77.875,-46.95,-228.825,0.75034,0.53104,0.37354,-0.12384,26.4,10080.1.13,0.0
2024-9-19 20:9:48:671,WT901BLE67(2D08F28EB913),8.309,12.041,10.588,-412.659,-648.621,-227.478,76.78,42.08,16.74,79.283,-47.442,-226.792,0.75034,0.53104,0.37354,-0.12384,26.4,10080.1.13,0.0
2024-9-19 20:9:48:671,WT901BLE67(2D08F28EB913),8.275,11.988,10.569,-416.565,-656.189,-230.957,77.33,42.18,17.02,79.283,-47.442,-226.792,0.75034,0.53104,0.37354,-0.12384,26.4,10080.1.13,0.0
2024-9-19 20:9:48:730,WT901BLE67(2D08F28EB913),8.242,11.936,10.551,-418.64,-663.025,-233.337,77.91,42.62,17.52,79.283,-47.442,-226.792,0.75034,0.53104,0.37354,-0.12384,26.4,10080.1.13,0.0
2024-9-19 20:9:48:730,WT901BLE67(2D08F28EB913),8.208,11.882,10.532,-419.617,-668.396,-234.924,78.14,43.12,17.79,79.283,-47.442,-226.792,0.75034,0.53104,0.37354,-0.12384,26.4,10080.1.13,0.0
2024-9-19 20:9:48:730,WT901BLE67(2D08F28EB913),8.175,11.829,10.513,-418.396,-671.814,-235.718,78.48,43.35,18.11,79.283,-47.442,-226.792,0.75034,0.53104,0.37354,-0.12384,26.4,10080.1.13,0.0
2024-9-19 20:9:48:730,WT901BLE67(2D08F28EB913),8.141,11.775,10.495,-417.297,-675.232,-233.459,79.09,43.42,18.7,79.283,-47.442,-226.792,0.75034,0.53104,0.37354,-0.12384,26.4,10080.1.13,0.0
2024-9-19 20:9:48:760,WT901BLE67(2D08F28EB913),8.108,11.721,10.476,-416.138,-675.659,-229.431,79.34,43.22,19.19,79.283,-47.442,-226.792,0.75034,0.53104,0.37354,-0.12384,26.4,10080.1.13,0.0
2024-9-19 20:9:48:760,WT901BLE67(2D08F28EB913),8.075,11.667,10.458,-415.161,-672.546,-225.037,79.41,43.02,19.53,79.283,-47.442,-226.792,0.75034,0.53104,0.37354,-0.12384,26.4,10080.1.13,0.0
2024-9-19 20:9:48:760,WT901BLE67(2D08F28EB913),8.042,11.613,10.44,-413.94,-668.945,-222.046,79.53,42.81,19.92,79.283,-47.442,-226.792,0.75034,0.53104,0.37354,-0.12384,26.4,10080.1.13,0.0
2024-9-19 20:9:48:760,WT901BLE67(2D08F28EB913),8.009,11.56,10.422,-413.696,-666.687,-219.543,79.61,42.57,20.33,79.283,-47.442,-226.792,0.75034,0.53104,0.37354,-0.12384,26.4,10080.1.13,0.0
2024-9-19 20:9:48:791,WT901BLE67(2D08F28EB913),7.976,11.506,10.405,-413.147,-665.955,-218.75,79.68,42.35,20.83,79.283,-47.442,-226.792,0.75034,0.53104,0.37354,-0.12384,26.4,10080.1.13,0.0
2024-9-19 20:9:48:791,WT901BLE67(2D08F28EB913),7.942,11.453,10.387,-413.94,-666.992,-218.811,79.77,42.53,21.21,79.283,-47.442,-226.792,0.75034,0.53104,0.37354,-0.12384,26.4,10080.1.13,0.0
2024-9-19 20:9:48:791,WT901BLE67(2D08F28EB913),7.909,11.399,10.37,-415.527,-670.227,-221.313,79.57,42.99,21.21,79.283,-47.442,-226.792,0.75034,0.53104,0.37354,-0.12384,26.4,10080.1.13,0.0
2024-9-19 20:9:48:791,WT901BLE67(2D08F28EB913),7.875,11.346,10.352,-419.25,-675.842,-225.22,79.44,43.35,21.13,79.283,-47.442,-226.792,0.75034,0.53104,0.37354,-0.12384,26.4,10080.1.13,0.0
2024-9-19 20:9:48:853,WT901BLE67(2D08F28EB913),7.841,11.292,10.333,-423.767,-683.35,-229.736,79.4,43.71,21.16,79.283,-47.442,-226.792,0.75034,0.53104,0.37354,-0.12384,26.4,10080.1.13,0.0
2024-9-19 20:9:48:853,WT901BLE67(2D08F28EB913),7.807,11.236,10.315,-429.443,-692.261,-234.253,79.58,43.98,21.17,79.283,-47.442,-226.792,0.75034,0.53104,0.37354,-0.12384,26.4,10080.1.13,0.0
2024-9-19 20:9:48:853,WT901BLE67(2D08F28EB913),7.772,11.181,10.296,-433.96,-700.317,-238.831,79.78,44.18,21.21,79.283,-47.442,-226.792,0.75034,0.53104,0.37354,-0.12384,26.4,10080.1.13,0.0
2024-9-19 20:9:48:853,WT901BLE67(2D08F28EB913),7.737,11.125,10.277,-438.538,-708.252,-243.835,80.16,44.36,21.31,79.283,-47.442,-226.792,0.75034,0.53104,0.37354,-0.12384,26.4,10080.1.13,0.0
2024-9-19 20:9:48:881,WT901BLE67(2D08F28EB913),7.701,11.067,10.257,-441.65,-716.003,-247.925,80.6,44.6,21.55,79.283,-47.442,-226.792,0.75034,0.53104,0.37354,-0.12384,26.4,10080.1.13,0.0
2024-9-19 20:9:48:881,WT901BLE67(2D08F28EB913),7.666,11.01,10.237,-443.909,-722.961,-250.183,81.07,44.97,21.86,79.283,-47.442,-226.792,0.75034,0.53104,0.37354,-0.12384,26.4,10080.1.13,0.0
2024-9-19 20:9:48:881,WT901BLE67(2D08F28EB913),7.63,10.952,10.217,-443.604,-727.539,-252.441,81.34,45.21,22.1,79.283,-47.442,-226.792,0.75034,0.53104,0.37354,-0.12384,26.4,10080.1.13,0.0
2024-9-19 20:9:48:882,WT901BLE67(2D08F28EB913),7.595,10.894,10.197,-441.956,-730.53,-251.648,81.79,45.31,22.52,79.283,-47.442,-226.792,0.73447,0.52753,0.41083,-0.11563,26.4,10080.1.13,0.0
2024-9-19 20:9:48:910,WT901BLE67(2D08F28EB913),7.56,10.835,10.177,-439.514,-731.506,-247.864,82.48,45.08,23.55,79.283,-47.442,-226.792,0.73447,0.52753,0.41083,-0.11563,26.4,10080.1.13,0.0
2024-9-19 20:9:48:911,WT901BLE67(2D08F28EB913),7.525,10.776,10.157,-437.073,-731.628,-242.31,82.94,44.77,24.36,79.283,-47.442,-226.792,0.73447,0.52753,0.41083,-0.11563,26.4,10080.1.13,0.0
2024-9-19 20:9:48:911,WT901BLE67(2D08F28EB913),7.491,10.718,10.138,-434.021,-729.675,-237.732,83.13,44.38,24.94,79.283,-47.442,-226.792,0.73447,0.52753,0.41083,-0.11563,26.4,10080.1.13,0.0
2024-9-19 20:9:48:911,WT901BLE67(2D08F28EB913),7.456,10.66,10.119,-432.19,-727.234,-233.337,83.2,43.9,25.48,79.283,-47.442,-226.792,0.73447,0.52753,0.41083,-0.11563,26.4,10080.1.13,0.0
2024-9-19 20:9:48:970,WT901BLE67(2D08F28EB913),7.422,10.602,10.101,-429.688,-724.548,-231.14,82.94,43.52,25.89,79.283,-47.442,-226.792,0.73447,0.52753,0.41083,-0.11563,26.4,10080.1.13,0.0
2024-9-19 20:9:48:970,WT901BLE67(2D08F28EB913),7.388,10.543,10.082,-428.772,-722.595,-231.018,82.43,43.31,26.17,79.283,-47.442,-226.792,0.73447,0.52753,0.41083,-0.11563,26.4,10080.1.13,0.0
2024-9-19 20:9:48:970,WT901BLE67(2D08F28EB913),7.353,10.486,10.063,-429.016,-722.351,-232.91,81.83,43.21,26.46,79.283,-47.442,-226.792,0.73447,0.52753,0.41083,-0.11563,26.4,10080.1.13,0.0
2024-9-19 20:9:48:970,WT901BLE67(2D08F28EB913),7.318,10.428,10.045,-433.228,-725.525,-235.84,81.57,43.27,26.93,79.283,-47.442,-226.792,0.73447,0.52753,0.41083,-0.11563,26.4,10080.1.13,0.0
2024-9-19 20:9:48:999,WT901BLE67(2D08F28EB913),7.283,10.37,10.025,-439.636,-733.887,-242.676,81.64,43.35,27.59,79.283,-47.442,-226.792,0.73447,0.52753,0.41083,-0.11563,26.4,10080.1.13,0.0
2024-9-19 20:9:48:999,WT901BLE67(2D08F28EB913),7.247,10.311,10.006,-447.51,-744.751,-247.681,82.23,43.53,28.37,79.283,-47.442,-226.792,0.73447,0.52753,0.41083,-0.11563,26.4,10080.1.13,0.0
2024-9-19 20:9:48:999,WT901BLE67(2D08F28EB913),7.21,10.25,9.986,-454.285,-752.93,-252.136,82.28,43.59,28.48,79.283,-47.442,-226.792,0.73447,0.52753,0.41083,-0.11563,26.4,10080.1.13,0.0
2024-9-19 20:9:49:0,WT901BLE67(2D08F28EB913),7.173,10.19,9.965,-461.121,-759.583,-257.996,82.41,43.43,28.5,79.283,-47.442,-226.792,0.73447,0.52753,0.41083,-0.11563,26.4,10080.1.13,0.0
2024-9-19 20:9:49:30,WT901BLE67(2D08F28EB913),7.135,10.129,9.945,-466.858,-767.212,-263.55,82.64,43.4,28.44,79.283,-47.442,-226.792,0.73447,0.52753,0.41083,-0.11563,26.4,10080.1.13,0.0
2024-9-19 20:9:49:31,WT901BLE67(2D08F28EB913),7.098,10.067,9.923,-471.497,-775.757,-267.212,82.79,43.87,28.15,79.283,-47.442,-226.792,0.73447,0.52753,0.41083,-0.11563,26.4,10080.1.13,0.0
2024-9-19 20:9:49:31,WT901BLE67(2D08F28EB913),7.06,10.005,9.902,-472.656,-780.884,-270.569,82.69,44.41,27.81,79.283,-47.442,-226.792,0.73447,0.52753,0.41083,-0.11563,26.4,10080.1.13,0.0
2024-9-19 20:9:49:31,WT901BLE67(2D08F28EB913),7.022,9.942,9.88,-472.473,-786.316,-274.536,83.05,44.95,27.39,79.283,-47.442,-226.792,0.73447,0.52753,0.41083,-0.11563,26.4,10080.1.13,0.0
2024-9-19 20:9:49:92,WT901BLE67(2D08F28EB913),6.984,9.879,9.858,-471.191,-791.748,-273.01,83.57,45.18,27.58,79.283,-47.442,-226.792,0.73447,0.52753,0.41083,-0.11563,26.4,10080.1.13,0.0
2024-9-19 20:9:49:92,WT901BLE67(2D08F28EB913),6.947,9.815,9.836,-470.398,-796.387,-269.836,83.88,45.1,27.47,79.283,-47.442,-226.792,0.73447,0.52753,0.41083,-0.11563,26.4,10080.1.13,0.0
2024-9-19 20:9:49:92,WT901BLE67(2D08F28EB913),6.91,9.752,9.815,-467.896,-796.814,-266.174,84.01,44.75,27.39,79.283,-47.442,-226.792,0.73447,0.52753,0.41083,-0.11563,26.4,10080.1.13,0.0
2024-9-19 20:9:49:92,WT901BLE67(2D08F28EB913),6.873,9.688,9.794,-465.027,-794.067,-261.902,84.16,44.43,27.4,79.283,-47.442,-226.792,0.73447,0.52753,0.41083,-0.11563,26.4,10080.1.13,0.0
2024-9-19 20:9:49:120,WT901BLE67(2D08F28EB913),6.835,9.625,9.773,-461.609,-789.063,-259.583,84.14,44.09,27.43,81.608,-46.283,-219.892,0.73447,0.52753,0.41083,-0.11563,26.4,10080.1.13,0.0
2024-9-19 20:9:49:121,WT901BLE67(2D08F28EB913),6.799,9.562,9.752,-459.656,-785.339,-257.263,84.16,43.72,27.69,81.608,-46.283,-219.892,0.73447,0.52753,0.41083,-0.11563,26.4,10080.1.13,0.0
2024-9-19 20:9:49:121,WT901BLE67(2D08F28EB913),6.762,9.499,9.731,-458.435,-783.447,-256.653,84.14,43.49,28.1,81.608,-46.283,-219.892,0.73447,0.52753,0.41083,-0.11563,26.4,10080.1.13,0.0
2024-9-19 20:9:49:121,WT901BLE67(2D08F28EB913),6.726,9.437,9.711,-458.984,-784.119,-256.531,84.16,43.61,28.39,81.608,-46.283,-219.892,0.73447,0.52753,0.41083,-0.11563,26.4,10080.1.13,0.0
2024-9-19 20:9:49:154,WT901BLE67(2D08F28EB913),6.688,9.374,9.69,-460.266,-786.865,-258.728,84.11,43.7,28.62,81.608,-46.283,-219.892,0.73447,0.52753,0.41083,-0.11563,26.4,10080.1.13,0.0
2024-9-19 20:9:49:154,WT901BLE67(2D08F28EB913),6.651,9.311,9.67,-463.562,-792.358,-261.78,84.17,43.84,28.86,81.608,-46.283,-219.892,0.73447,0.52753,0.41083,-0.11563,26.4,10080.1.13,0.0
2024-9-19 20:9:49:154,WT901BLE67(2D08F28EB913),6.614,9.247,9.648,-467.773,-800.049,-266.418,84.36,43.91,29.17,81.608,-46.283,-219.892,0.73447,0.52753,0.41083,-0.11563,26.4,10080.1.13,0.0
2024-9-19 20:9:49:154,WT901BLE67(2D08F28EB913),6.576,9.183,9.627,-473.389,-809.265,-270.813,84.62,43.9,29.37,81.608,-46.283,-219.892,0.73447,0.52753,0.41083,-0.11563,26.4,10080.1.13,0.0
2024-9-19 20:9:49:211,WT901BLE67(2D08F28EB913),6.537,9.117,9.605,-477.966,-817.505,-273.926,85.0,43.92,29.64,81.608,-46.283,-219.892,0.73447,0.52753,0.41083,-0.11563,26.4,10080.1.13,0.0
2024-9-19 20:9:49:211,WT901BLE67(2D08F28EB913),6.499,9.052,9.583,-483.215,-825.012,-277.649,85.41,44.01,29.72,81.608,-46.283,-219.892,0.73447,0.52753,0.41083,-0.11563,26.4,10080.1.13,0.0
2024-9-19 20:9:49:211,WT901BLE67(2D08F28EB913),6.459,8.985,9.561,-487.061,-832.642,-281.433,85.89,44.09,29.82,81.608,-46.283,-219.892,0.73447,0.52753,0.41083,-0.11563,26.4,10080.1.13,0.0
2024-9-19 20:9:49:211,WT901BLE67(2D08F28EB913),6.42,8.918,9.538,-491.394,-840.332,-283.691,86.39,44.4,29.93,81.608,-46.283,-219.892,0.73447,0.52753,0.41083,-0.11563,26.4,10080.1.13,0.0
2024-9-19 20:9:49:240,WT901BLE67(2D08F28EB913),6.38,8.851,9.516,-493.591,-846.68,-285.034,86.71,45.15,29.98,81.608,-46.283,-219.892,0.73447,0.52753,0.41083,-0.11563,26.4,10080.1.13,0.0
2024-9-19 20:9:49:241,WT901BLE67(2D08F28EB913),6.341,8.783,9.493,-494.995,-850.83,-286.255,86.79,45.69,29.82,81.608,-46.283,-219.892,0.73447,0.52753,0.41083,-0.11563,26.4,10080.1.13,0.0
2024-9-19 20:9:49:241,WT901BLE67(2D08F28EB913),6.301,8.715,9.47,-493.958,-854.187,-285.583,87.28,46.09,29.97,81.608,-46.283,-219.892,0.73447,0.52753,0.41083,-0.11563,26.4,10080.1.13,0.0
2024-9-19 20:9:49:241,WT901BLE67(2D08F28EB913),6.262,8.646,9.447,-493.164,-857.422,-281.738,87.92,46.35,30.27,81.608,-46.283,-219.892,0.73447,0.52753,0.41083,-0.11563,26.4,10080.1.13,0.0
2024-9-19 20:9:49:270,WT901BLE67(2D08F28EB913),6.223,8.578,9.425,-490.479,-858.337,-277.222,88.09,46.52,30.17,81.608,-46.283,-219.892,0.73447,0.52753,0.41083,-0.11563,26.4,10080.1.13,0.0
2024-9-19 20:9:49:270,WT901BLE67(2D08F28EB913),6.184,8.509,9.402,-487.244,-856.689,-272.766,88.19,46.75,30.06,81.608,-46.283,-219.892,0.73447,0.52753,0.41083,-0.11563,26.4,10080.1.13,0.0
2024-9-19 20:9:49:270,WT901BLE67(2D08F28EB913),6.146,8.441,9.381,-482.788,-853.882,-270.447,88.02,46.79,29.79,81.608,-46.283,-219.892,0.71051,0.5343,0.44638,-0.10172,26.4,10080.1.13,0.0
2024-9-19 20:9:49:271,WT901BLE67(2D08F28EB913),6.107,8.373,9.359,-480.042,-851.685,-268.555,87.79,46.83,29.62,81.608,-46.283,-219.892,0.71051,0.5343,0.44638,-0.10172,26.4,10080.1.13,0.0
2024-9-19 20:9:49:330,WT901BLE67(2D08F28EB913),6.069,8.305,9.338,-477.295,-850.403,-269.287,87.46,47.1,29.48,81.608,-46.283,-219.892,0.71051,0.5343,0.44638,-0.10172,26.4,10080.1.13,0.0
2024-9-19 20:9:49:331,WT901BLE67(2D08F28EB913),6.031,8.236,9.316,-476.44,-850.83,-271.301,87.14,47.5,29.26,81.608,-46.283,-219.892,0.71051,0.5343,0.44638,-0.10172,26.4,10080.1.13,0.0
2024-9-19 20:9:49:331,WT901BLE67(2D08F28EB913),5.993,8.168,9.294,-476.746,-852.722,-274.78,86.78,47.7,29.17,81.608,-46.283,-219.892,0.71051,0.5343,0.44638,-0.10172,26.4,10080.1.13,0.0
2024-9-19 20:9:49:331,WT901BLE67(2D08F28EB913),5.958,8.1,9.272,-480.896,-857.361,-278.931,86.61,47.74,29.44,81.608,-46.283,-219.892,0.71051,0.5343,0.44638,-0.10172,26.4,10080.1.13,0.0
2024-9-19 20:9:49:360,WT901BLE67(2D08F28EB913),5.919,8.038,9.252,-485.779,-866.211,-285.522,86.81,47.7,29.71,81.608,-46.283,-219.892,0.71051,0.5343,0.44638,-0.10172,26.4,10080.1.13,0.0
2024-9-19 20:9:49:360,WT901BLE67(2D08F28EB913),5.879,7.968,9.229,-491.821,-876.282,-290.283,87.24,47.54,30.14,81.608,-46.283,-219.892,0.71051,0.5343,0.44638,-0.10172,26.4,10080.1.13,0.0
2024-9-19 20:9:49:360,WT901BLE67(2D08F28EB913),5.839,7.898,9.206,-496.887,-884.644,-294.617,87.65,47.42,30.54,81.608,-46.283,-219.892,0.71051,0.5343,0.44638,-0.10172,26.4,10080.1.13,0.0
2024-9-19 20:9:49:360,WT901BLE67(2D08F28EB913),5.799,7.827,9.182,-502.502,-892.029,-299.805,88.12,47.36,30.89,81.608,-46.283,-219.892,0.71051,0.5343,0.44638,-0.10172,26.4,10080.1.13,0.0
2024-9-19 20:9:49:420,WT901BLE67(2D08F28EB913),5.758,7.755,9.157,-506.287,-899.353,-303.894,88.63,47.44,31.19,81.608,-46.283,-219.892,0.71051,0.5343,0.44638,-0.10172,26.4,10080.1.13,0.0
2024-9-19 20:9:49:420,WT901BLE67(2D08F28EB913),5.718,7.683,9.133,-509.705,-907.288,-306.641,89.15,47.79,31.4,81.608,-46.283,-219.892,0.71051,0.5343,0.44638,-0.10172,26.4,10080.1.13,0.0
2024-9-19 20:9:49:420,WT901BLE67(2D08F28EB913),5.677,7.61,9.108,-510.315,-915.588,-308.167,89.7,48.03,31.9,81.608,-46.283,-219.892,0.71051,0.5343,0.44638,-0.10172,26.4,10080.1.13,0.0
2024-9-19 20:9:49:420,WT901BLE67(2D08F28EB913),5.636,7.536,9.084,-511.047,-922.363,-306.641,90.1,48.14,32.38,81.608,-46.283,-219.892,0.71051,0.5343,0.44638,-0.10172,26.4,10080.1.13,0.0
2024-9-19 20:9:49:455,WT901BLE67(2D08F28EB913),5.595,7.462,9.059,-509.277,-926.758,-303.467,90.38,48.08,32.93,81.608,-46.283,-219.892,0.71051,0.5343,0.44638,-0.10172,26.4,10080.1.13,0.0
2024-9-19 20:9:49:456,WT901BLE67(2D08F28EB913),5.555,7.388,9.035,-507.568,-928.345,-300.171,90.34,47.87,33.03,81.608,-46.283,-219.892,0.71051,0.5343,0.44638,-0.10172,26.4,10080.1.13,0.0
2024-9-19 20:9:49:456,WT901BLE67(2D08F28EB913),5.515,7.314,9.011,-504.15,-925.964,-297.607,90.07,47.66,33.04,81.608,-46.283,-219.892,0.71051,0.5343,0.44638,-0.10172,26.4,10080.1.13,0.0
2024-9-19 20:9:49:456,WT901BLE67(2D08F28EB913),5.475,7.24,8.987,-502.136,-923.035,-295.044,89.93,47.29,33.19,81.608,-46.283,-219.892,0.71051,0.5343,0.44638,-0.10172,26.4,10080.1.13,0.0
2024-9-19 20:9:49:481,WT901BLE67(2D08F28EB913),5.435,7.166,8.964,-500.122,-919.983,-293.823,89.63,46.86,33.37,81.608,-46.283,-219.892,0.71051,0.5343,0.44638,-0.10172,26.4,10080.1.13,0.0
2024-9-19 20:9:49:481,WT901BLE67(2D08F28EB913),5.395,7.093,8.94,-499.329,-918.457,-293.396,89.19,46.49,33.45,81.608,-46.283,-219.892,0.71051,0.5343,0.44638,-0.10172,26.4,10080.1.13,0.0
2024-9-19 20:9:49:481,WT901BLE67(2D08F28EB913),5.355,7.019,8.917,-498.901,-918.152,-295.166,88.54,46.16,33.47,81.95,-45.4,-219.417,0.71051,0.5343,0.44638,-0.10172,26.4,10080.1.13,0.0
2024-9-19 20:9:49:482,WT901BLE67(2D08F28EB913),5.314,6.946,8.893,-500.977,-920.105,-297.852,88.03,46.07,33.48,81.95,-45.4,-219.417,0.71051,0.5343,0.44638,-0.10172,26.4,10080.1.13,0.0
2024-9-19 20:9:49:540,WT901BLE67(2D08F28EB913),5.274,6.872,8.869,-504.395,-924.988,-303.528,87.86,45.8,33.68,81.95,-45.4,-219.417,0.71051,0.5343,0.44638,-0.10172,26.4,10080.1.13,0.0
2024-9-19 20:9:49:540,WT901BLE67(2D08F28EB913),5.233,6.798,8.845,-509.888,-932.8,-308.411,88.0,45.31,34.07,81.95,-45.4,-219.417,0.71051,0.5343,0.44638,-0.10172,26.4,10080.1.13,0.0
2024-9-19 20:9:49:541,WT901BLE67(2D08F28EB913),5.192,6.723,8.82,-515.625,-942.261,-314.392,88.57,44.92,34.54,81.95,-45.4,-219.417,0.71051,0.5343,0.44638,-0.10172,26.4,10080.1.13,0.0
2024-9-19 20:9:49:541,WT901BLE67(2D08F28EB913),5.15,6.647,8.794,-520.63,-950.867,-317.688,88.85,44.65,34.73,81.95,-45.4,-219.417,0.71051,0.5343,0.44638,-0.10172,26.4,10080.1.13,0.0
2024-9-19 20:9:49:570,WT901BLE67(2D08F28EB913),5.108,6.571,8.769,-525.146,-958.374,-322.998,89.16,44.41,34.88,81.95,-45.4,-219.417,0.71051,0.5343,0.44638,-0.10172,26.4,10080.1.13,0.0
2024-9-19 20:9:49:570,WT901BLE67(2D08F28EB913),5.065,6.494,8.743,-528.748,-967.285,-325.5,89.62,44.43,35.12,81.95,-45.4,-219.417,0.71051,0.5343,0.44638,-0.10172,26.4,10080.1.13,0.0
2024-9-19 20:9:49:570,WT901BLE67(2D08F28EB913),5.023,6.416,8.717,-530.151,-976.379,-327.759,89.99,44.77,35.27,81.95,-45.4,-219.417,0.71051,0.5343,0.44638,-0.10172,26.4,10080.1.13,0.0
2024-9-19 20:9:49:570,WT901BLE67(2D08F28EB913),4.98,6.337,8.69,-529.785,-984.985,-328.186,90.02,45.0,35.27,81.95,-45.4,-219.417,0.71051,0.5343,0.44638,-0.10172,26.4,10080.1.13,0.0
2024-9-19 20:9:49:599,WT901BLE67(2D08F28EB913),4.938,6.258,8.664,-528.32,-989.807,-327.332,89.85,45.06,35.37,81.95,-45.4,-219.417,0.71051,0.5343,0.44638,-0.10172,26.4,10080.1.13,0.0
2024-9-19 20:9:49:599,WT901BLE67(2D08F28EB913),4.896,6.179,8.638,-526.917,-993.286,-324.89,89.68,44.91,35.5,81.95,-45.4,-219.417,0.71051,0.5343,0.44638,-0.10172,26.4,10080.1.13,0.0
2024-9-19 20:9:49:599,WT901BLE67(2D08F28EB913),4.854,6.1,8.612,-524.902,-992.92,-322.51,89.22,44.65,35.39,81.95,-45.4,-219.417,0.71051,0.5343,0.44638,-0.10172,26.4,10080.1.13,0.0
2024-9-19 20:9:49:599,WT901BLE67(2D08F28EB913),4.813,6.02,8.586,-523.499,-990.723,-320.374,88.57,44.42,35.07,81.95,-45.4,-219.417,0.71051,0.5343,0.44638,-0.10172,26.4,10080.1.13,0.0
2024-9-19 20:9:49:660,WT901BLE67(2D08F28EB913),4.771,5.941,8.561,-522.034,-988.77,-319.031,88.12,44.09,35.01,81.95,-45.4,-219.417,0.71051,0.5343,0.44638,-0.10172,26.4,10080.1.13,0.0
2024-9-19 20:9:49:660,WT901BLE67(2D08F28EB913),4.729,5.862,8.535,-522.705,-987.793,-317.81,87.62,43.7,34.93,81.95,-45.4,-219.417,0.71051,0.5343,0.44638,-0.10172,26.4,10080.1.13,0.0
2024-9-19 20:9:49:660,WT901BLE67(2D08F28EB913),4.687,5.783,8.51,-522.827,-987.854,-318.42,87.18,43.32,35.01,81.95,-45.4,-219.417,0.71051,0.5343,0.44638,-0.10172,26.4,10080.1.13,0.0
2024-9-19 20:9:49:660,WT901BLE67(2D08F28EB913),4.645,5.704,8.484,-524.658,-989.624,-319.763,86.86,43.04,35.06,81.95,-45.4,-219.417,0.71051,0.5343,0.44638,-0.10172,26.4,10080.1.13,0.0
2024-9-19 20:9:49:690,WT901BLE67(2D08F28EB913),4.603,5.625,8.458,-526.978,-993.164,-322.815,86.68,42.9,35.25,81.95,-45.4,-219.417,0.71051,0.5343,0.44638,-0.10172,26.4,10080.1.13,0.0
2024-9-19 20:9:49:690,WT901BLE67(2D08F28EB913),4.56,5.545,8.433,-531.189,-999.084,-326.965,86.65,42.78,35.38,81.95,-45.4,-219.417,0.71051,0.5343,0.44638,-0.10172,26.4,10080.1.13,0.0
2024-9-19 20:9:49:690,WT901BLE67(2D08F28EB913),4.517,5.465,8.406,-534.912,-1006.226,-331.787,86.79,42.68,35.59,81.95,-45.4,-219.417,0.71051,0.5343,0.44638,-0.10172,26.4,10080.1.13,0.0
2024-9-19 20:9:49:690,WT901BLE67(2D08F28EB913),4.474,5.384,8.379,-539.978,-1013.794,-335.693,87.12,42.57,35.84,81.95,-45.4,-219.417,0.72086,0.52203,0.45444,-0.03494,26.4,10080.1.13,0.0
2024-9-19 20:9:49:720,WT901BLE67(2D08F28EB913),4.43,5.302,8.353,-543.701,-1021.362,-340.271,87.52,42.58,36.07,81.95,-45.4,-219.417,0.72086,0.52203,0.45444,-0.03494,26.4,10080.1.13,0.0
2024-9-19 20:9:49:721,WT901BLE67(2D08F28EB913),4.386,5.22,8.325,-547.363,-1029.236,-343.323,88.03,42.92,36.3,81.95,-45.4,-219.417,0.72086,0.52203,0.45444,-0.03494,26.4,10080.1.13,0.0
2024-9-19 20:9:49:721,WT901BLE67(2D08F28EB913),4.343,5.138,8.298,-548.645,-1035.583,-346.252,88.29,43.45,36.27,81.95,-45.4,-219.417,0.72086,0.52203,0.45444,-0.03494,26.4,10080.1.13,0.0
2024-9-19 20:9:49:721,WT901BLE67(2D08F28EB913),4.299,5.055,8.27,-549.622,-1042.847,-348.022,88.92,43.93,36.6,81.95,-45.4,-219.417,0.72086,0.52203,0.45444,-0.03494,26.4,10080.1.13,0.0
